"","PoMoPhones"
"1","6044924387"
"2","7782724412"
"3","6049349585"
"4","7785222642"
"5","6044925172"
"6","6049172617"
"7","7783550541"
"8","7782176486"
"9","6044693902"
"10","6044618228"
"11","6044925304"
"12","6049390596"
"13","6044922305"
"14","6049494829"
"15","6044692203"
"16","6049392489"
"17","6049497941"
"18","6049396811"
"19","6049315398"
"20","7782721976"
"21","6044616518"
"22","6049392198"
"23","7787310313"
"24","6049377319"
"25","7782175756"
"26","7782722901"
"27","7782720549"
"28","6044921874"
"29","6049391094"
"30","7782172231"
"31","7787312394"
"32","6044693283"
"33","6044617975"
"34","6044619391"
"35","6044613862"
"36","7782722963"
"37","6044926875"
"38","6049495180"
"39","6044693972"
"40","6049179240"
"41","7787319349"
"42","6049346393"
"43","6049398015"
"44","7785222438"
"45","6044693601"
"46","6049494576"
"47","7783556122"
"48","6049497662"
"49","6049494732"
"50","7785227991"
"51","6044929659"
"52","7782174471"
"53","6049336658"
"54","6049492050"
"55","6044691853"
"56","6049360469"
"57","6049338660"
"58","6049331117"
"59","6044927074"
"60","6049377522"
"61","7787313197"
"62","6049338683"
"63","7782174103"
"64","7782724720"
"65","6049368070"
"66","7785223470"
"67","6044925487"
"68","6049494239"
"69","6049335083"
"70","6044697625"
"71","6049399521"
"72","7783559536"
"73","7782172586"
"74","7783557634"
"75","7787311276"
"76","6049366379"
"77","6049398967"
"78","6049399022"
"79","6049335967"
"80","6044618614"
"81","6049315195"
"82","6049491901"
"83","7785220417"
"84","6044693823"
"85","7783559767"
"86","6049341797"
"87","6049341139"
"88","6044617130"
"89","6049341255"
"90","6049331612"
"91","6044690815"
"92","6049319460"
"93","6049362681"
"94","6044691095"
"95","6044692596"
"96","6049367413"
"97","7782176047"
"98","6049490093"
"99","6044924449"
"100","6049365683"
"101","6049370039"
"102","6044618612"
"103","7782726435"
"104","6044616216"
"105","7782178845"
"106","6049391779"
"107","7785223740"
"108","6049172440"
"109","7787314264"
"110","6044920479"
"111","7787319977"
"112","6044923835"
"113","6049365806"
"114","6049390721"
"115","6049373184"
"116","6044691259"
"117","6044614181"
"118","6044927415"
"119","6044698539"
"120","7783556461"
"121","7787312913"
"122","6044698143"
"123","6049370639"
"124","6044927539"
"125","7782722212"
"126","6049172330"
"127","6049492515"
"128","7785226853"
"129","7782720040"
"130","7785220484"
"131","6044922826"
"132","7787311504"
"133","6044619689"
"134","6044692128"
"135","7787314494"
"136","7782177500"
"137","6049375724"
"138","6049333922"
"139","6049399269"
"140","6044926592"
"141","6049337634"
"142","7783555820"
"143","6049332539"
"144","6049348953"
"145","6049374803"
"146","6049393264"
"147","6044614589"
"148","6049394536"
"149","7785222229"
"150","7783555328"
"151","6049341499"
"152","6044690687"
"153","7782728132"
"154","6049391563"
"155","7785226808"
"156","7787319644"
"157","6049315346"
"158","6049345656"
"159","6044618789"
"160","7785221841"
"161","6049173882"
"162","6049343538"
"163","6049170612"
"164","6049317694"
"165","7785223355"
"166","6049175519"
"167","7783559482"
"168","7782726365"
"169","6049319721"
"170","6049373732"
"171","6044612832"
"172","6044922077"
"173","6049310748"
"174","7782728167"
"175","6049377080"
"176","6044617559"
"177","6049493033"
"178","6049390603"
"179","6044618705"
"180","6049317931"
"181","6049315625"
"182","6049312212"
"183","6044927416"
"184","6049399962"
"185","6049392292"
"186","7782727725"
"187","6044612311"
"188","6044927218"
"189","6044695922"
"190","6049498261"
"191","7782174676"
"192","6049343883"
"193","7787316889"
"194","6049362525"
"195","6044922686"
"196","6049377833"
"197","6044613759"
"198","7785225007"
"199","7785220016"
"200","6049311607"
"201","7782727020"
"202","6049379842"
"203","6049349789"
"204","6049313781"
"205","6044699771"
"206","6044693237"
"207","6049370257"
"208","6049335254"
"209","6049391250"
"210","6049496393"
"211","6049178530"
"212","6049368606"
"213","6049314001"
"214","6049399762"
"215","6049174543"
"216","6044698132"
"217","7782176534"
"218","6049173150"
"219","6049492190"
"220","7785222063"
"221","6049499875"
"222","6044614800"
"223","7782172212"
"224","6049170810"
"225","7785220677"
"226","6049179557"
"227","7782721312"
"228","7783554453"
"229","6049175924"
"230","6044613327"
"231","6044699509"
"232","7782179922"
"233","7783553867"
"234","6049373320"
"235","7787316082"
"236","7782720292"
"237","6049314289"
"238","6049370290"
"239","7785221441"
"240","7785221878"
"241","7782173192"
"242","6049316427"
"243","6049345281"
"244","6044928080"
"245","6049319370"
"246","7783551036"
"247","7782172228"
"248","6049366376"
"249","6044699158"
"250","6049348527"
"251","6044922462"
"252","6049310976"
"253","6049399360"
"254","6049378359"
"255","7783553328"
"256","6049314374"
"257","6044612078"
"258","6044925370"
"259","6049342912"
"260","6049175804"
"261","7782725623"
"262","6049176325"
"263","6049347886"
"264","7782725177"
"265","7782176558"
"266","6049493337"
"267","6049337211"
"268","6049397646"
"269","6044928507"
"270","6049312226"
"271","7782174236"
"272","6049344249"
"273","7782172749"
"274","6049370931"
"275","6049372878"
"276","6049347808"
"277","7787317136"
"278","6049360566"
"279","6049370200"
"280","6049344923"
"281","6049338935"
"282","6049499954"
"283","7787312742"
"284","7783555384"
"285","6044610859"
"286","6049347981"
"287","6044692331"
"288","6049365245"
"289","6049331723"
"290","6044928977"
"291","6049317111"
"292","7782723550"
"293","6049343627"
"294","6049348104"
"295","7782179432"
"296","6044698934"
"297","6044697818"
"298","7782174789"
"299","7787311521"
"300","6044926945"
"301","7787318325"
"302","6049319604"
"303","7782179272"
"304","6049367195"
"305","6049337297"
"306","6049372734"
"307","6049367836"
"308","7783551715"
"309","6049394513"
"310","6044695704"
"311","7782173535"
"312","7782728756"
"313","6044614357"
"314","6049495671"
"315","6049332503"
"316","7785221543"
"317","6044926125"
"318","7787312578"
"319","6044928740"
"320","6044693298"
"321","6049330910"
"322","6049374026"
"323","7785228474"
"324","6044612562"
"325","6049312889"
"326","6049173531"
"327","7783550729"
"328","7782724233"
"329","6049374966"
"330","6049372962"
"331","7782175606"
"332","6049373406"
"333","6049316207"
"334","6049343428"
"335","6049368400"
"336","6049173621"
"337","6044690005"
"338","6049398411"
"339","6044926720"
"340","6049341564"
"341","6049490588"
"342","6044615253"
"343","6049340934"
"344","7785221609"
"345","6049170301"
"346","6044610132"
"347","6049173153"
"348","6049390881"
"349","6049347693"
"350","7782178984"
"351","7783558450"
"352","6044927088"
"353","6049316773"
"354","6049330572"
"355","6049372166"
"356","6049363589"
"357","6049311950"
"358","6049390694"
"359","6049315238"
"360","7782176307"
"361","6049339123"
"362","7787312693"
"363","6044617199"
"364","7787317684"
"365","6049367135"
"366","6049393138"
"367","6049374450"
"368","6044690764"
"369","6049373570"
"370","6049362353"
"371","7785227398"
"372","6049370149"
"373","6049390783"
"374","7785229591"
"375","6044697907"
"376","6044618977"
"377","7782175514"
"378","6049395464"
"379","7783555947"
"380","7782177303"
"381","6044922550"
"382","6049390887"
"383","7785222476"
"384","6049495722"
"385","7783555404"
"386","7782726855"
"387","7782728150"
"388","6049318587"
"389","6049335549"
"390","6049499879"
"391","7782173781"
"392","7785229474"
"393","6049347502"
"394","7783557509"
"395","6044618780"
"396","6044922966"
"397","6049376129"
"398","6049396297"
"399","6049341282"
"400","6049349859"
"401","6044618100"
"402","6044691964"
"403","6049319431"
"404","6049391321"
"405","6049341598"
"406","6044699973"
"407","6049390780"
"408","6049332616"
"409","7782726399"
"410","6044697086"
"411","6044924810"
"412","6049338918"
"413","6049397059"
"414","6049399090"
"415","7783552444"
"416","6049399341"
"417","6049394176"
"418","6049394614"
"419","6049362385"
"420","7787312957"
"421","7782720980"
"422","6049337718"
"423","6044698333"
"424","6049366964"
"425","6049366332"
"426","7785226696"
"427","6044691318"
"428","7787316755"
"429","6049362008"
"430","6049339454"
"431","7783553401"
"432","6044923232"
"433","6049492703"
"434","7782176865"
"435","7782720533"
"436","6049372492"
"437","7787312620"
"438","6044696218"
"439","7785229377"
"440","6049337065"
"441","6049390308"
"442","6049348833"
"443","6044690580"
"444","7787317523"
"445","6049492367"
"446","6049390890"
"447","6044925210"
"448","6049314606"
"449","6049346469"
"450","6049332816"
"451","6044925247"
"452","7785228105"
"453","6049394890"
"454","7785228072"
"455","6044921059"
"456","6049370918"
"457","6044929304"
"458","7787310793"
"459","6049335015"
"460","6044619100"
"461","6049334488"
"462","6049365327"
"463","6044929175"
"464","6049392733"
"465","6049316984"
"466","6044929157"
"467","7782172162"
"468","6049336960"
"469","6044690683"
"470","6049499632"
"471","6049337298"
"472","6049490570"
"473","7787316237"
"474","7782171135"
"475","6049310077"
"476","6044925392"
"477","7787317692"
"478","7782721782"
"479","7782729396"
"480","7782720100"
"481","7785229669"
"482","7783555708"
"483","7783559815"
"484","6049398914"
"485","7783551288"
"486","6049337805"
"487","7787318140"
"488","6049498647"
"489","6044695720"
"490","7782174958"
"491","6049348406"
"492","7787314759"
"493","6049177660"
"494","6049333884"
"495","6049344508"
"496","7783559824"
"497","7782721135"
"498","6049340015"
"499","6049310335"
"500","6044928815"
"501","7785220280"
"502","6044695624"
"503","7783556132"
"504","6049375652"
"505","6049363940"
"506","7782723380"
"507","6049338504"
"508","7783557419"
"509","7783556928"
"510","7783553355"
"511","6049319761"
"512","6044925065"
"513","6049378145"
"514","7783554773"
"515","6044921518"
"516","6044697635"
"517","6049396683"
"518","6049393299"
"519","6049372332"
"520","6049362195"
"521","6049316185"
"522","7782723916"
"523","6044617986"
"524","6049496634"
"525","6049343730"
"526","7785224077"
"527","7785225789"
"528","7782175114"
"529","7783554864"
"530","6049497071"
"531","6044698200"
"532","6049368886"
"533","6044696608"
"534","7783556649"
"535","6049175608"
"536","6049376528"
"537","7783550971"
"538","6044928658"
"539","6049343280"
"540","6049332830"
"541","6049347205"
"542","6049393424"
"543","6049360816"
"544","6049338592"
"545","7787317445"
"546","6044694291"
"547","6049173488"
"548","6049498456"
"549","6044926007"
"550","7787316033"
"551","7785226250"
"552","6049361008"
"553","7785225217"
"554","7785226073"
"555","7783558414"
"556","7785223302"
"557","6049497806"
"558","6049495053"
"559","6049172126"
"560","6044691756"
"561","6044698151"
"562","6049378822"
"563","6049175063"
"564","6049397396"
"565","6049379577"
"566","6044694872"
"567","7783550762"
"568","7782179161"
"569","6049177397"
"570","6044928453"
"571","6049392546"
"572","6049175539"
"573","6049360361"
"574","6044614285"
"575","7785223483"
"576","7782170855"
"577","6044612239"
"578","6044695982"
"579","6049393133"
"580","7782177076"
"581","6044696784"
"582","7785227394"
"583","6049378306"
"584","6044690237"
"585","7787316524"
"586","6049363521"
"587","7783555937"
"588","6049375499"
"589","6044927247"
"590","6049365609"
"591","6049345603"
"592","7782727803"
"593","7783556255"
"594","7785229805"
"595","7782175192"
"596","6044926864"
"597","6049171485"
"598","6049347943"
"599","7782725317"
"600","6049370432"
"601","6049397358"
"602","6044698983"
"603","7785229954"
"604","6044615100"
"605","6049367460"
"606","7782178074"
"607","7782170839"
"608","7785228228"
"609","6044695070"
"610","6044610039"
"611","6049334442"
"612","6044920273"
"613","7787318799"
"614","7782720949"
"615","6044690881"
"616","7785226862"
"617","6044925369"
"618","7783556465"
"619","6049360147"
"620","6049170951"
"621","6049179247"
"622","6049391470"
"623","7783552652"
"624","6049376926"
"625","7783551738"
"626","7783555682"
"627","6049392622"
"628","7782177576"
"629","7785229204"
"630","6049499017"
"631","6044693881"
"632","6049363293"
"633","6049349833"
"634","6049363652"
"635","7782725635"
"636","7785221457"
"637","7785228713"
"638","6049492410"
"639","7783550833"
"640","6049337683"
"641","7787319456"
"642","6049398234"
"643","6049368723"
"644","6049491404"
"645","6049375733"
"646","6049178417"
"647","6049490538"
"648","6049312657"
"649","6044617870"
"650","7782725444"
"651","6049498661"
"652","6049360773"
"653","6049344558"
"654","6044699317"
"655","7782170548"
"656","7787319451"
"657","7782179411"
"658","7783554260"
"659","6049312977"
"660","6044610618"
"661","7782176323"
"662","6044923996"
"663","6049394444"
"664","7785221926"
"665","6044922844"
"666","6044616761"
"667","7783557663"
"668","6049173985"
"669","6044691919"
"670","6044927095"
"671","6049390420"
"672","6049343017"
"673","6049373661"
"674","6049379581"
"675","6049497042"
"676","6049330393"
"677","6049339874"
"678","6044611817"
"679","6044611781"
"680","7782722680"
"681","6049361528"
"682","6044616957"
"683","6049315127"
"684","6044921851"
"685","6049178895"
"686","6044612601"
"687","6049366700"
"688","7785228420"
"689","6049316740"
"690","6049366691"
"691","7785220040"
"692","6049498767"
"693","6049335244"
"694","6049348463"
"695","6044922969"
"696","6044693718"
"697","7787310721"
"698","7782175517"
"699","7782175256"
"700","6044611982"
"701","7785225522"
"702","6049397773"
"703","6049398532"
"704","6049344789"
"705","6049490604"
"706","6049340446"
"707","6049339212"
"708","6044693174"
"709","6049490254"
"710","6049490427"
"711","6049398975"
"712","6049394451"
"713","6049311423"
"714","6044698381"
"715","7782175022"
"716","7787313243"
"717","7787311527"
"718","6049392030"
"719","6049498257"
"720","6049494139"
"721","6049311984"
"722","7783557346"
"723","6049347470"
"724","6049315657"
"725","7787317691"
"726","7782723583"
"727","6049318764"
"728","6049332386"
"729","7782720005"
"730","7782722682"
"731","7785222690"
"732","6049341898"
"733","7783552109"
"734","6044927959"
"735","6049317320"
"736","7785229096"
"737","6049391302"
"738","7782170787"
"739","6049338353"
"740","6049364580"
"741","6049377684"
"742","6049493107"
"743","6044691055"
"744","7783554518"
"745","7782176435"
"746","7783551763"
"747","6049311569"
"748","7787312349"
"749","6049318244"
"750","6049177082"
"751","6044699441"
"752","7782724868"
"753","6049340669"
"754","6049379340"
"755","7782177932"
"756","7787312681"
"757","6049319777"
"758","6049375062"
"759","6044928163"
"760","6049371438"
"761","7782726479"
"762","6049171612"
"763","6049377510"
"764","6049174473"
"765","6049369827"
"766","6044922190"
"767","6049379135"
"768","6044613038"
"769","6049314326"
"770","6049178035"
"771","6049312998"
"772","6049370873"
"773","6044921015"
"774","6049360342"
"775","6044927725"
"776","6044925185"
"777","6049174622"
"778","6049342492"
"779","6049364187"
"780","6049345003"
"781","6049396480"
"782","7782724332"
"783","6049369614"
"784","6049336590"
"785","6044697993"
"786","6044619427"
"787","7787317743"
"788","6049365165"
"789","7785223963"
"790","6044696646"
"791","6049364000"
"792","7782178893"
"793","7787317399"
"794","6044926432"
"795","6044697055"
"796","6049345082"
"797","7783550189"
"798","6049375353"
"799","6049311194"
"800","6044610989"
"801","6044921407"
"802","6049319049"
"803","6049373903"
"804","6049311089"
"805","6049314774"
"806","7785220833"
"807","6049337558"
"808","7783557585"
"809","6044696087"
"810","6049490681"
"811","6049347696"
"812","6044619889"
"813","6044929784"
"814","7782726412"
"815","6044696040"
"816","7785223042"
"817","6044928887"
"818","7782729804"
"819","6044616382"
"820","6044920890"
"821","6044613413"
"822","7783552257"
"823","6049377882"
"824","6049367747"
"825","6044695194"
"826","6049335398"
"827","6049491954"
"828","6049493836"
"829","6049179881"
"830","6049349953"
"831","6044693371"
"832","6044616695"
"833","6049399184"
"834","6049377686"
"835","7787313108"
"836","6049310231"
"837","6044926903"
"838","7787312315"
"839","6049493741"
"840","6049177994"
"841","6049344040"
"842","6049371444"
"843","7782177254"
"844","6049341443"
"845","7782172366"
"846","6044691809"
"847","7785228844"
"848","6049316626"
"849","7782723903"
"850","6049361967"
"851","6049363274"
"852","7783559346"
"853","6049336561"
"854","6044613872"
"855","6044922444"
"856","7783554769"
"857","7787317160"
"858","6044927631"
"859","6044616236"
"860","7783559404"
"861","6049370415"
"862","6044617932"
"863","7787313458"
"864","7785225745"
"865","7787312197"
"866","6044923834"
"867","6049395082"
"868","6049492143"
"869","6049362568"
"870","7782729595"
"871","6049369958"
"872","6044617813"
"873","6049374177"
"874","6044617116"
"875","7785220993"
"876","7782170295"
"877","7782727960"
"878","6044922694"
"879","6049313824"
"880","7783551256"
"881","6049342280"
"882","7782171014"
"883","6044928776"
"884","6044698320"
"885","6049398876"
"886","6044925592"
"887","6049390828"
"888","6044695268"
"889","6049310333"
"890","6049371042"
"891","6049349387"
"892","6049336427"
"893","6049393104"
"894","6049363674"
"895","6049496715"
"896","6049391678"
"897","6044926543"
"898","6049495419"
"899","7782728725"
"900","6049364761"
"901","7782170330"
"902","7785229716"
"903","7783550476"
"904","6049310438"
"905","7785223941"
"906","7782723770"
"907","6049491355"
"908","6049490732"
"909","6044926256"
"910","6049394445"
"911","7783553096"
"912","6049314379"
"913","6049496517"
"914","6044614505"
"915","7783554643"
"916","6044614124"
"917","6049348764"
"918","6049331389"
"919","7782721576"
"920","7785226148"
"921","6044929149"
"922","7783556172"
"923","7783554485"
"924","6049176498"
"925","6049171318"
"926","6049492774"
"927","6049372665"
"928","7787317098"
"929","7782727228"
"930","6044923261"
"931","7782728400"
"932","6044618907"
"933","7782178413"
"934","7782171647"
"935","6049365516"
"936","6044698753"
"937","6049364817"
"938","7787314683"
"939","7785229499"
"940","6049395912"
"941","6049346011"
"942","6044922118"
"943","6044923366"
"944","7787319382"
"945","7785228344"
"946","6044926569"
"947","7785229148"
"948","7783551297"
"949","6044617399"
"950","6044921235"
"951","6049398751"
"952","7783550175"
"953","7782173636"
"954","6049333633"
"955","6044617385"
"956","6049338802"
"957","6049365769"
"958","7782723258"
"959","7783553235"
"960","6044617386"
"961","7785225488"
"962","6044923798"
"963","7782728033"
"964","6044610720"
"965","6049398179"
"966","6049349457"
"967","6049496066"
"968","6044920420"
"969","6044923559"
"970","6049334181"
"971","6049342107"
"972","6049333317"
"973","6049375046"
"974","7782720995"
"975","6049177849"
"976","7782725256"
"977","6049341601"
"978","6044929620"
"979","6049496809"
"980","6044613574"
"981","6044618589"
"982","6049171029"
"983","7782720604"
"984","7783551797"
"985","6044693851"
"986","6049365350"
"987","7782174618"
"988","6049390271"
"989","6049395200"
"990","6044618555"
"991","6049331995"
"992","6044697658"
"993","6049345382"
"994","6049341160"
"995","7785224330"
"996","6049391240"
"997","7782175845"
"998","7782724777"
"999","6049498966"
"1000","6044611852"
"1001","6049336777"
"1002","6049397639"
"1003","6049490680"
"1004","6049497401"
"1005","6049397230"
"1006","6044923922"
"1007","6044613438"
"1008","6044695145"
"1009","6044613033"
"1010","7783551322"
"1011","6049173789"
"1012","6044614185"
"1013","6049390907"
"1014","6049178297"
"1015","7782729598"
"1016","6044699673"
"1017","7782175817"
"1018","6049346884"
"1019","7782173421"
"1020","7782725214"
"1021","6049496736"
"1022","7782175851"
"1023","6044617472"
"1024","6044611662"
"1025","7787312372"
"1026","6049370993"
"1027","7787311883"
"1028","7785220508"
"1029","6044612503"
"1030","7782179174"
"1031","7783553045"
"1032","6044923927"
"1033","6049311297"
"1034","6049347948"
"1035","6044614457"
"1036","7783559375"
"1037","6049398517"
"1038","6049375112"
"1039","7782177529"
"1040","6044612266"
"1041","6049492788"
"1042","6044614668"
"1043","6049313893"
"1044","6044697950"
"1045","6049492853"
"1046","6049390352"
"1047","6049368772"
"1048","6049342710"
"1049","6049392205"
"1050","6049337712"
"1051","6049341646"
"1052","6049311596"
"1053","6049362569"
"1054","7785220654"
"1055","6044921852"
"1056","6044611973"
"1057","6049498912"
"1058","7782723273"
"1059","6049317541"
"1060","6049349627"
"1061","6044618398"
"1062","6049394745"
"1063","6049176493"
"1064","6049375464"
"1065","6049348585"
"1066","6049337747"
"1067","6049339271"
"1068","6049177716"
"1069","6049370682"
"1070","6049177515"
"1071","6049332065"
"1072","6049175399"
"1073","7785223569"
"1074","7785228938"
"1075","7782725691"
"1076","6049377305"
"1077","6049331224"
"1078","7787316474"
"1079","6049345152"
"1080","7782728353"
"1081","7782171729"
"1082","6049348233"
"1083","6049338772"
"1084","7782172339"
"1085","6044616433"
"1086","7785225619"
"1087","6049331149"
"1088","6049335517"
"1089","6049332566"
"1090","6044615945"
"1091","6049497533"
"1092","6044922473"
"1093","6044928467"
"1094","7783552667"
"1095","6044924765"
"1096","6049314330"
"1097","6044612835"
"1098","7785224623"
"1099","6049377890"
"1100","7782729778"
"1101","6049395794"
"1102","7783559604"
"1103","6044927992"
"1104","6049494453"
"1105","6049374154"
"1106","7782174778"
"1107","6044614680"
"1108","6049363900"
"1109","6044690562"
"1110","6049494849"
"1111","6049370350"
"1112","6049367078"
"1113","6049336828"
"1114","7782727528"
"1115","6049362432"
"1116","6049344861"
"1117","6044927016"
"1118","6044691299"
"1119","6049373972"
"1120","7782173319"
"1121","6049335554"
"1122","6044699949"
"1123","7787310262"
"1124","7783558316"
"1125","6044612524"
"1126","7782176034"
"1127","6044699271"
"1128","6044613614"
"1129","7782728490"
"1130","6049370784"
"1131","6049340772"
"1132","7782721424"
"1133","6049331641"
"1134","6044698796"
"1135","6049175850"
"1136","7787314214"
"1137","6049333785"
"1138","6049336907"
"1139","6049398732"
"1140","6044618288"
"1141","6049311104"
"1142","6044696796"
"1143","6044694278"
"1144","7785222218"
"1145","7782723545"
"1146","6049319982"
"1147","6049377259"
"1148","7782176721"
"1149","6049348834"
"1150","6049319144"
"1151","6044619535"
"1152","6049374525"
"1153","6044925509"
"1154","6049339276"
"1155","6044612024"
"1156","6049394396"
"1157","6049337536"
"1158","6044921453"
"1159","7782178381"
"1160","6044612551"
"1161","6049369931"
"1162","6044692988"
"1163","6049366111"
"1164","6049346870"
"1165","6044694437"
"1166","6049316956"
"1167","6049366721"
"1168","6049342390"
"1169","6049495583"
"1170","6044611700"
"1171","6049319037"
"1172","6049340561"
"1173","6049370468"
"1174","6044617522"
"1175","6049345870"
"1176","6044695556"
"1177","6049493666"
"1178","7782729931"
"1179","6049376231"
"1180","7787313151"
"1181","6049374573"
"1182","7787319670"
"1183","6044618307"
"1184","6049312880"
"1185","6049337893"
"1186","6049344738"
"1187","6049372920"
"1188","6044921280"
"1189","6049371231"
"1190","6044612399"
"1191","6049361916"
"1192","6049493272"
"1193","6044695149"
"1194","6049172850"
"1195","6049368613"
"1196","6044696185"
"1197","7785228524"
"1198","6049178630"
"1199","6049311254"
"1200","6044694783"
"1201","6049391118"
"1202","7787316630"
"1203","6049177505"
"1204","6044617446"
"1205","6049348231"
"1206","7787314155"
"1207","6049397665"
"1208","7785223197"
"1209","7782720102"
"1210","7782176341"
"1211","6044925574"
"1212","6049365156"
"1213","6044618694"
"1214","7782176970"
"1215","6049346341"
"1216","6049399555"
"1217","6049365675"
"1218","6049346333"
"1219","7785225582"
"1220","7782179521"
"1221","6049361992"
"1222","7785229699"
"1223","6049392801"
"1224","6044699455"
"1225","6049379414"
"1226","6049376083"
"1227","6049178390"
"1228","6049363753"
"1229","6049499550"
"1230","6049398615"
"1231","6049172525"
"1232","6049390517"
"1233","6044697914"
"1234","6049371758"
"1235","6049492613"
"1236","6049368635"
"1237","7785224540"
"1238","6049360546"
"1239","6049491816"
"1240","7782729925"
"1241","7782177119"
"1242","6044610245"
"1243","6049177083"
"1244","6044928489"
"1245","6049344674"
"1246","7782179088"
"1247","6044616422"
"1248","7783552307"
"1249","7782176470"
"1250","6049348057"
"1251","7783552264"
"1252","6049335774"
"1253","7782175739"
"1254","6049368069"
"1255","6044696229"
"1256","6049369110"
"1257","6049317399"
"1258","6044927383"
"1259","6049342810"
"1260","6044695903"
"1261","6049344303"
"1262","6049373562"
"1263","6049171005"
"1264","6049496293"
"1265","6049360168"
"1266","6049361486"
"1267","6049318633"
"1268","6044611515"
"1269","6049379818"
"1270","7785220147"
"1271","6049399562"
"1272","6049372578"
"1273","6049345454"
"1274","7782722056"
"1275","6044926841"
"1276","6044921002"
"1277","6044922218"
"1278","7782177061"
"1279","6049497179"
"1280","6049348277"
"1281","6049366564"
"1282","6044921882"
"1283","7782174860"
"1284","6049311542"
"1285","6044691235"
"1286","6049371742"
"1287","6049372583"
"1288","7782175108"
"1289","6049499900"
"1290","6044618334"
"1291","6049491917"
"1292","6049338397"
"1293","6049343334"
"1294","6049496490"
"1295","6049331150"
"1296","6044697332"
"1297","7785225569"
"1298","7782724311"
"1299","6049494487"
"1300","7782177662"
"1301","6049340615"
"1302","7782728859"
"1303","6049378788"
"1304","6049174840"
"1305","6049373472"
"1306","6049177030"
"1307","7787316301"
"1308","7782173450"
"1309","6044610978"
"1310","6044613795"
"1311","7782721036"
"1312","6049490287"
"1313","6044929859"
"1314","6044613163"
"1315","6044696464"
"1316","7782722196"
"1317","6049362474"
"1318","7782178727"
"1319","7782722061"
"1320","6049175784"
"1321","6044924862"
"1322","6049499338"
"1323","6049179256"
"1324","6049343176"
"1325","7785228328"
"1326","6049491476"
"1327","6049368028"
"1328","7787316890"
"1329","6049319326"
"1330","6049340535"
"1331","6049179499"
"1332","7782176782"
"1333","6049171958"
"1334","6044613534"
"1335","7785227754"
"1336","7782179475"
"1337","7782721043"
"1338","6049362862"
"1339","6044696826"
"1340","6049344097"
"1341","6049362049"
"1342","6049314932"
"1343","6049376223"
"1344","6044923495"
"1345","6044690998"
"1346","6049347926"
"1347","6049349221"
"1348","7783553971"
"1349","6044922856"
"1350","6049393172"
"1351","7783550759"
"1352","6049339046"
"1353","6049391988"
"1354","6049398466"
"1355","6049372184"
"1356","7787314951"
"1357","6049317396"
"1358","6044922307"
"1359","6049178285"
"1360","7787317030"
"1361","7785224361"
"1362","6049363196"
"1363","6049361363"
"1364","6049373244"
"1365","7782170275"
"1366","6044699831"
"1367","6049495631"
"1368","7787319442"
"1369","6044695475"
"1370","7782726623"
"1371","6049171902"
"1372","7783552891"
"1373","6049172424"
"1374","6049174321"
"1375","7783559267"
"1376","6049367885"
"1377","6049398431"
"1378","6049393595"
"1379","6044691163"
"1380","7787314454"
"1381","7785226740"
"1382","7785226314"
"1383","6044616298"
"1384","6049335971"
"1385","6044926822"
"1386","6049369393"
"1387","6049375027"
"1388","7782171652"
"1389","6044610582"
"1390","6044610854"
"1391","6044615787"
"1392","6044696140"
"1393","7782177231"
"1394","6049317188"
"1395","6049348986"
"1396","6044921829"
"1397","6049177271"
"1398","6049311278"
"1399","7782727988"
"1400","7782729625"
"1401","7785221593"
"1402","6049349717"
"1403","6049372663"
"1404","6044693736"
"1405","6049377345"
"1406","6049360888"
"1407","6049372199"
"1408","7782722691"
"1409","6049367586"
"1410","7787316011"
"1411","7782727106"
"1412","7782728709"
"1413","6044692541"
"1414","6049490036"
"1415","6044698296"
"1416","6049490685"
"1417","6049393898"
"1418","6049333110"
"1419","6049491898"
"1420","7782171184"
"1421","6049312822"
"1422","6049349240"
"1423","6049375111"
"1424","6044690035"
"1425","6049330667"
"1426","7782176945"
"1427","7787317137"
"1428","7787316872"
"1429","6049312940"
"1430","6049393514"
"1431","6044923295"
"1432","6044694574"
"1433","6049178253"
"1434","6049498205"
"1435","7782179897"
"1436","6044694665"
"1437","6049371224"
"1438","7785220126"
"1439","6044615017"
"1440","7785226836"
"1441","7787316302"
"1442","7787311383"
"1443","6049344264"
"1444","6049365173"
"1445","6049496300"
"1446","6049366706"
"1447","7782177243"
"1448","6049369975"
"1449","7787310677"
"1450","7782726393"
"1451","6049399235"
"1452","6049499894"
"1453","6049340975"
"1454","7783555701"
"1455","6049497356"
"1456","7782177706"
"1457","7782172193"
"1458","7785221403"
"1459","7782179007"
"1460","7787316079"
"1461","6049399641"
"1462","6049495820"
"1463","6049494640"
"1464","6049171712"
"1465","7782728275"
"1466","6049174785"
"1467","6049376645"
"1468","6049330997"
"1469","6049360971"
"1470","7782723745"
"1471","7787312302"
"1472","6044924489"
"1473","6044618797"
"1474","6049399303"
"1475","7785229747"
"1476","6049333724"
"1477","6049310144"
"1478","7787314559"
"1479","7785224571"
"1480","6049491716"
"1481","6049315085"
"1482","6049315814"
"1483","7782722264"
"1484","7782171038"
"1485","7783558221"
"1486","6044698062"
"1487","6044696974"
"1488","7782175625"
"1489","6044924197"
"1490","7782724559"
"1491","6049395306"
"1492","7787319058"
"1493","6044616792"
"1494","6049491099"
"1495","7782729557"
"1496","6049361359"
"1497","6049371549"
"1498","7783551150"
"1499","7782724889"
"1500","7782177293"
"1501","7782176421"
"1502","6049331122"
"1503","6049390058"
"1504","6049335908"
"1505","6049368629"
"1506","6049174113"
"1507","7782727030"
"1508","6049345674"
"1509","6049365562"
"1510","6049495957"
"1511","6049370496"
"1512","6049398241"
"1513","6049337844"
"1514","7783552330"
"1515","7783553874"
"1516","6044698506"
"1517","6049496087"
"1518","6049374089"
"1519","7783557892"
"1520","7782727141"
"1521","6049376340"
"1522","6049494066"
"1523","7785223773"
"1524","7787312133"
"1525","6049378769"
"1526","7782721254"
"1527","6049379826"
"1528","6049338904"
"1529","7787315278"
"1530","7782725434"
"1531","7785227825"
"1532","6049318837"
"1533","7782173247"
"1534","7782176463"
"1535","7783552310"
"1536","6044929851"
"1537","6044927627"
"1538","7787310555"
"1539","7787314383"
"1540","7785224087"
"1541","6049176720"
"1542","6049340382"
"1543","6044612254"
"1544","6049399874"
"1545","7787315712"
"1546","6049330911"
"1547","7785224577"
"1548","6049311638"
"1549","6044616246"
"1550","6044929952"
"1551","6049378460"
"1552","6049317244"
"1553","6044921420"
"1554","6049369760"
"1555","6049348759"
"1556","6044921246"
"1557","6049396241"
"1558","7782722053"
"1559","6049362762"
"1560","6049345325"
"1561","7782173502"
"1562","6049376537"
"1563","6044616489"
"1564","7782172288"
"1565","6049317908"
"1566","6049171507"
"1567","6049394323"
"1568","6049177357"
"1569","6049310827"
"1570","6049364122"
"1571","7785229341"
"1572","6044923426"
"1573","7787316700"
"1574","6044611608"
"1575","6049319961"
"1576","7782176280"
"1577","6049494983"
"1578","7787317178"
"1579","6049393044"
"1580","6049394463"
"1581","6049393520"
"1582","7782727835"
"1583","7782725793"
"1584","6049337144"
"1585","6044925988"
"1586","7783555422"
"1587","6049333921"
"1588","6049344813"
"1589","6044692789"
"1590","6049336113"
"1591","7787315459"
"1592","7782728592"
"1593","6049369757"
"1594","6049334997"
"1595","6049313631"
"1596","6049370593"
"1597","6044611278"
"1598","7783554879"
"1599","7787311630"
"1600","7783551927"
"1601","6044617715"
"1602","6049341276"
"1603","6049497567"
"1604","6049175104"
"1605","6049330258"
"1606","7782172099"
"1607","6049332512"
"1608","6049390302"
"1609","6049332601"
"1610","7782721080"
"1611","6049496436"
"1612","6049374552"
"1613","6044923473"
"1614","6044693876"
"1615","6044928580"
"1616","6049343108"
"1617","6049361470"
"1618","6044617294"
"1619","7785227385"
"1620","6049496398"
"1621","7782178471"
"1622","7785229022"
"1623","6049393785"
"1624","6044692237"
"1625","6049394856"
"1626","6049177865"
"1627","6044921652"
"1628","6049318870"
"1629","6049332409"
"1630","6049176519"
"1631","6049365239"
"1632","6049365341"
"1633","7782173978"
"1634","6049319506"
"1635","6049491494"
"1636","6049172283"
"1637","6044929824"
"1638","7787315677"
"1639","7782170216"
"1640","6049310408"
"1641","6049312571"
"1642","7783557021"
"1643","6049314268"
"1644","6044921255"
"1645","7782177452"
"1646","6044920938"
"1647","6044695267"
"1648","7787316090"
"1649","6049341969"
"1650","6049334009"
"1651","6049312773"
"1652","6049314878"
"1653","6049339455"
"1654","6049396760"
"1655","7782174636"
"1656","6044694190"
"1657","6049499374"
"1658","6044692163"
"1659","6049372092"
"1660","6049313305"
"1661","6049391011"
"1662","6049344991"
"1663","6049392057"
"1664","6044692780"
"1665","6049315325"
"1666","6049364259"
"1667","7782175330"
"1668","6049361338"
"1669","7783559165"
"1670","6049178149"
"1671","7783552746"
"1672","6049310082"
"1673","6049372949"
"1674","7782172897"
"1675","6049341121"
"1676","6049172373"
"1677","7787313982"
"1678","7782726807"
"1679","6049492610"
"1680","6049319448"
"1681","6049497028"
"1682","6049377992"
"1683","7782170738"
"1684","6049377697"
"1685","7783551516"
"1686","7782725290"
"1687","7782723815"
"1688","6049495599"
"1689","7783555029"
"1690","7787311959"
"1691","7782172766"
"1692","6049396512"
"1693","6044697058"
"1694","6049170691"
"1695","6049342723"
"1696","6044921109"
"1697","6049314056"
"1698","6049175990"
"1699","7782720954"
"1700","6049173810"
"1701","6049371868"
"1702","7783556637"
"1703","7782720181"
"1704","6044922748"
"1705","6049393118"
"1706","6049496843"
"1707","7782176218"
"1708","7782725738"
"1709","7783559361"
"1710","6044698206"
"1711","6049345127"
"1712","6044920295"
"1713","6044921800"
"1714","6044613611"
"1715","7782172197"
"1716","6049360351"
"1717","6049336822"
"1718","6044697642"
"1719","7787319054"
"1720","7783557597"
"1721","7787316942"
"1722","6044699907"
"1723","6044920496"
"1724","7782725983"
"1725","7782729553"
"1726","7782171760"
"1727","6049348713"
"1728","6049362820"
"1729","6049340184"
"1730","7785222684"
"1731","6049364249"
"1732","7787317144"
"1733","6049365410"
"1734","6049318535"
"1735","7782170592"
"1736","7785220738"
"1737","6049176153"
"1738","7787316450"
"1739","6049178124"
"1740","6049319669"
"1741","6049368192"
"1742","6049333210"
"1743","6049394247"
"1744","7785222353"
"1745","7787317029"
"1746","6044612282"
"1747","6049499896"
"1748","6049343336"
"1749","7782173279"
"1750","6049375933"
"1751","7785222140"
"1752","7785228019"
"1753","6044924731"
"1754","6049490541"
"1755","6049176256"
"1756","7782178432"
"1757","7787318725"
"1758","6049178727"
"1759","7782724924"
"1760","7783553532"
"1761","7787317229"
"1762","7783550676"
"1763","6049313290"
"1764","6049331317"
"1765","6049395699"
"1766","7782176812"
"1767","6044699664"
"1768","6044611020"
"1769","6049336502"
"1770","6049332717"
"1771","7782724293"
"1772","6049496200"
"1773","6049177752"
"1774","6044690974"
"1775","6049360781"
"1776","6049361327"
"1777","6049331586"
"1778","6049396646"
"1779","6049391620"
"1780","7782170001"
"1781","7785224652"
"1782","6049365841"
"1783","7785225651"
"1784","7782722311"
"1785","6044696491"
"1786","6049391029"
"1787","6049172717"
"1788","6049310499"
"1789","7782179568"
"1790","6044610795"
"1791","6044698544"
"1792","7783556178"
"1793","6049398539"
"1794","7783552163"
"1795","6049495331"
"1796","6049393289"
"1797","6044692222"
"1798","6049492220"
"1799","7787315466"
"1800","7783554995"
"1801","6049173803"
"1802","6049367878"
"1803","6044923658"
"1804","6044693954"
"1805","7785223796"
"1806","6049371100"
"1807","6049396240"
"1808","6049373084"
"1809","6049490304"
"1810","6049178976"
"1811","7783559430"
"1812","6049312583"
"1813","7782170790"
"1814","7782170736"
"1815","6049331594"
"1816","6049367603"
"1817","6049396563"
"1818","6044925110"
"1819","7782179111"
"1820","6044929648"
"1821","6044926821"
"1822","7782723153"
"1823","6044925855"
"1824","6049370613"
"1825","6049371684"
"1826","6049333579"
"1827","6049339781"
"1828","6049174953"
"1829","6049177024"
"1830","6044920886"
"1831","6044928281"
"1832","6044928992"
"1833","7783554732"
"1834","7782175919"
"1835","7785224171"
"1836","6044692749"
"1837","6044699350"
"1838","6049315237"
"1839","6049360428"
"1840","6044690168"
"1841","6049316842"
"1842","6044927214"
"1843","6044921180"
"1844","6049339830"
"1845","6049313997"
"1846","6044616860"
"1847","7783551611"
"1848","6049396886"
"1849","7787315808"
"1850","7787312215"
"1851","6049177098"
"1852","6049316566"
"1853","6049312869"
"1854","7787313939"
"1855","6044929794"
"1856","6049339859"
"1857","7782721150"
"1858","7787317286"
"1859","7783553655"
"1860","6049319831"
"1861","7782172940"
"1862","7783556719"
"1863","6049171222"
"1864","6049490174"
"1865","6049371261"
"1866","6049361313"
"1867","6044614750"
"1868","6049171644"
"1869","6049332774"
"1870","7787314532"
"1871","6049314937"
"1872","6044695480"
"1873","6044618677"
"1874","7782728319"
"1875","7782726967"
"1876","6044616062"
"1877","6049311249"
"1878","6049341843"
"1879","6049171328"
"1880","6049360268"
"1881","6044691261"
"1882","6049376538"
"1883","7785222947"
"1884","7782178250"
"1885","6044697266"
"1886","7783557341"
"1887","7783559705"
"1888","6044697659"
"1889","6049499865"
"1890","6049177973"
"1891","6049378622"
"1892","7782721458"
"1893","6044699755"
"1894","6049391180"
"1895","7785224550"
"1896","7783559190"
"1897","6049175764"
"1898","6049365587"
"1899","6044693760"
"1900","6049378074"
"1901","7783550798"
"1902","6049497897"
"1903","6044613518"
"1904","6049391589"
"1905","6049360503"
"1906","6044692362"
"1907","6044617885"
"1908","7783552607"
"1909","7785225508"
"1910","6044616010"
"1911","6049499403"
"1912","6044696844"
"1913","7782722319"
"1914","6049171209"
"1915","6049492273"
"1916","6049492375"
"1917","6044698528"
"1918","6049179591"
"1919","6049176111"
"1920","6049494374"
"1921","6044616460"
"1922","6049374604"
"1923","6044921823"
"1924","6049373025"
"1925","7782175707"
"1926","6049173811"
"1927","6049172182"
"1928","6049498621"
"1929","7782175442"
"1930","6049339844"
"1931","6049334775"
"1932","7782177074"
"1933","6049491834"
"1934","6049171964"
"1935","7783557904"
"1936","6049378078"
"1937","6044697479"
"1938","6049372848"
"1939","6049171281"
"1940","6044695786"
"1941","6049337834"
"1942","7783550360"
"1943","6049174626"
"1944","6049315860"
"1945","6049315130"
"1946","6044615043"
"1947","6049493281"
"1948","7783556859"
"1949","6049391477"
"1950","6049347654"
"1951","6049311945"
"1952","6044699071"
"1953","6049367869"
"1954","6044614000"
"1955","7787315370"
"1956","6049374166"
"1957","6049177960"
"1958","7782729264"
"1959","7782176880"
"1960","7782726969"
"1961","6049346116"
"1962","6044926893"
"1963","6049179605"
"1964","6049311676"
"1965","6049173743"
"1966","6049376977"
"1967","6049318604"
"1968","6044699161"
"1969","7787316185"
"1970","6049369882"
"1971","6044690608"
"1972","6044619569"
"1973","6049370839"
"1974","6049376655"
"1975","7785229621"
"1976","7782725544"
"1977","7782720554"
"1978","7787311138"
"1979","6049316961"
"1980","6049177014"
"1981","6049318270"
"1982","6049338061"
"1983","6044696824"
"1984","6049316982"
"1985","6049398376"
"1986","7785228731"
"1987","7785224441"
"1988","6044697049"
"1989","6044927765"
"1990","6044613755"
"1991","6049365811"
"1992","6049346405"
"1993","7787316293"
"1994","6044692065"
"1995","6049314970"
"1996","6044928197"
"1997","6044614755"
"1998","6044610359"
"1999","7782723849"
"2000","7783557873"
"2001","6044921856"
"2002","6049173672"
"2003","7787314285"
"2004","6044921066"
"2005","7783554829"
"2006","6049496187"
"2007","6049494585"
"2008","7783554961"
"2009","6049366238"
"2010","6049394771"
"2011","6049310401"
"2012","6049398550"
"2013","6049368230"
"2014","6049396230"
"2015","6049491171"
"2016","6049493320"
"2017","6049311975"
"2018","6049379575"
"2019","7782173887"
"2020","6049179762"
"2021","6044612941"
"2022","6049497138"
"2023","6044616594"
"2024","6049343084"
"2025","7785222523"
"2026","7783558115"
"2027","6049368004"
"2028","7785220938"
"2029","6049315877"
"2030","6049394699"
"2031","6049318988"
"2032","7785220869"
"2033","6049175879"
"2034","6044929075"
"2035","6049175073"
"2036","6044928146"
"2037","6049398271"
"2038","6049490740"
"2039","6049316575"
"2040","6049365423"
"2041","7785221484"
"2042","7783557963"
"2043","6049335946"
"2044","6049497888"
"2045","6049334843"
"2046","6049348946"
"2047","6049376296"
"2048","7782174062"
"2049","6044925131"
"2050","6049333760"
"2051","6049170407"
"2052","6049367499"
"2053","6044923097"
"2054","6049364555"
"2055","6044926266"
"2056","6049366308"
"2057","6049345683"
"2058","6049338067"
"2059","7782724863"
"2060","6049374596"
"2061","6044929883"
"2062","6049391570"
"2063","7783557486"
"2064","6044611970"
"2065","6049399681"
"2066","6049313157"
"2067","7783555143"
"2068","6049374218"
"2069","7782722441"
"2070","6049394200"
"2071","6044923930"
"2072","7787317797"
"2073","6049319046"
"2074","6044691511"
"2075","7787311849"
"2076","6049330926"
"2077","6049498878"
"2078","6044694473"
"2079","6049499077"
"2080","7783558825"
"2081","6049318715"
"2082","7787313016"
"2083","7782170940"
"2084","6049491844"
"2085","7782176702"
"2086","6049338834"
"2087","6049495958"
"2088","6044929482"
"2089","7785225383"
"2090","6049374201"
"2091","7782179364"
"2092","6049499999"
"2093","7785227218"
"2094","7782726095"
"2095","6049171525"
"2096","6049347914"
"2097","7782722934"
"2098","6044619226"
"2099","6049497382"
"2100","6044922273"
"2101","6049492059"
"2102","6044920908"
"2103","6049360832"
"2104","7782727504"
"2105","6049178113"
"2106","6049318242"
"2107","7782722958"
"2108","6049317823"
"2109","6049360499"
"2110","6049344387"
"2111","6049338430"
"2112","6049391105"
"2113","6044697152"
"2114","6049341428"
"2115","7782722576"
"2116","7782723985"
"2117","6044929999"
"2118","6049391447"
"2119","7783551630"
"2120","7785229228"
"2121","6049399160"
"2122","6049348989"
"2123","7785223094"
"2124","6049334547"
"2125","6049331899"
"2126","6049337545"
"2127","6049172436"
"2128","7785223263"
"2129","6049313440"
"2130","7785222769"
"2131","6049175899"
"2132","6049365001"
"2133","6049333174"
"2134","6049370083"
"2135","7782725198"
"2136","7785229246"
"2137","6049344944"
"2138","6044925559"
"2139","6049333709"
"2140","7785227533"
"2141","7782726148"
"2142","6049342676"
"2143","7785223775"
"2144","6049391714"
"2145","6049343507"
"2146","6049170946"
"2147","6044929802"
"2148","6049495761"
"2149","6049340786"
"2150","6049334966"
"2151","7782179706"
"2152","6049362824"
"2153","7782173981"
"2154","6049332844"
"2155","6044922228"
"2156","6049332120"
"2157","6049372209"
"2158","6044693497"
"2159","6049342101"
"2160","7787312884"
"2161","7785224803"
"2162","6049499280"
"2163","6044619037"
"2164","7782178150"
"2165","6049370929"
"2166","6049346979"
"2167","6044614792"
"2168","6049497151"
"2169","6044613126"
"2170","6049173798"
"2171","6049340001"
"2172","6044695064"
"2173","7785229296"
"2174","6049367480"
"2175","6049332684"
"2176","6049179197"
"2177","6049333264"
"2178","6044691966"
"2179","6049372370"
"2180","6044618992"
"2181","7787319074"
"2182","6049393500"
"2183","6049314742"
"2184","6049374235"
"2185","7783558875"
"2186","6049372180"
"2187","6049332340"
"2188","7783554979"
"2189","6049313990"
"2190","6049372200"
"2191","6049178936"
"2192","6044619273"
"2193","7782174974"
"2194","7783551389"
"2195","6049336444"
"2196","7782171211"
"2197","6049362473"
"2198","6049313597"
"2199","7787315914"
"2200","7783557244"
"2201","6044613337"
"2202","7782174792"
"2203","6049360419"
"2204","6049335098"
"2205","7785223567"
"2206","6049372989"
"2207","6044921169"
"2208","7782726668"
"2209","6049494921"
"2210","6044696635"
"2211","6049342920"
"2212","6049372840"
"2213","6049171942"
"2214","6049374307"
"2215","7787311676"
"2216","7782721309"
"2217","7782729241"
"2218","6049343760"
"2219","6049330928"
"2220","6044692535"
"2221","6049172007"
"2222","6049374687"
"2223","7787314257"
"2224","6049493552"
"2225","6049395597"
"2226","6049176739"
"2227","6049394348"
"2228","6049364784"
"2229","6049361318"
"2230","6044922298"
"2231","6044696122"
"2232","6049379016"
"2233","6049364480"
"2234","6044699418"
"2235","6049316623"
"2236","6049171196"
"2237","6049371873"
"2238","6044612755"
"2239","6044922172"
"2240","6049348313"
"2241","6049362267"
"2242","6049391234"
"2243","6049367892"
"2244","7782172089"
"2245","6049177567"
"2246","6049395641"
"2247","7782726332"
"2248","7787317898"
"2249","6049495724"
"2250","7783559589"
"2251","7787318821"
"2252","6049360458"
"2253","6049335828"
"2254","6049338965"
"2255","6049362394"
"2256","6049393827"
"2257","7782172004"
"2258","7782728878"
"2259","7787316875"
"2260","6044612007"
"2261","6049494058"
"2262","6049397125"
"2263","7782721847"
"2264","6049491780"
"2265","6044691634"
"2266","6049493399"
"2267","6049497054"
"2268","6049343234"
"2269","6049331705"
"2270","6049312724"
"2271","6049337972"
"2272","7783550895"
"2273","6049372589"
"2274","6049378579"
"2275","6049349767"
"2276","6044923430"
"2277","6049491873"
"2278","6044699834"
"2279","6044612000"
"2280","6049344383"
"2281","6049390532"
"2282","6044610060"
"2283","6044696541"
"2284","7787315783"
"2285","6044611181"
"2286","6044693802"
"2287","7787319479"
"2288","7787318184"
"2289","6049330679"
"2290","6049369803"
"2291","7787313915"
"2292","6049497304"
"2293","6049334939"
"2294","7783556389"
"2295","6044694409"
"2296","6049310396"
"2297","6049316074"
"2298","6044920411"
"2299","6049499517"
"2300","7787315133"
"2301","7782174630"
"2302","7783551586"
"2303","7787310792"
"2304","6049372018"
"2305","6049395609"
"2306","6049390464"
"2307","6049390668"
"2308","6049375789"
"2309","6044920729"
"2310","6049319904"
"2311","7785226378"
"2312","7782726729"
"2313","7782720022"
"2314","6049342509"
"2315","7782170816"
"2316","7782173227"
"2317","6049379460"
"2318","7782726174"
"2319","6049314558"
"2320","6049496794"
"2321","6044618316"
"2322","6049395177"
"2323","6044694532"
"2324","6044696071"
"2325","7783552207"
"2326","7787313423"
"2327","6049361801"
"2328","6049338161"
"2329","6044927174"
"2330","6044692266"
"2331","6049172910"
"2332","6044929446"
"2333","7787315902"
"2334","7783557671"
"2335","6049395679"
"2336","6049344017"
"2337","7787318044"
"2338","6049173989"
"2339","6049378897"
"2340","6049175771"
"2341","7782725302"
"2342","6049394788"
"2343","6049371338"
"2344","6049370529"
"2345","7787319696"
"2346","7785221858"
"2347","6049310570"
"2348","7785225646"
"2349","7782724196"
"2350","6049498625"
"2351","6049330413"
"2352","6049368200"
"2353","7782722986"
"2354","6049361429"
"2355","7787310604"
"2356","6049175853"
"2357","6044691777"
"2358","7787313011"
"2359","6049312760"
"2360","6049498247"
"2361","6049312888"
"2362","6049360885"
"2363","6049348384"
"2364","6044693568"
"2365","6049496534"
"2366","6049335307"
"2367","7785227963"
"2368","6044611065"
"2369","6049312873"
"2370","6044922599"
"2371","7782728909"
"2372","6049394723"
"2373","6049390928"
"2374","6049338644"
"2375","6049369914"
"2376","6044618290"
"2377","6049363850"
"2378","6049362030"
"2379","7783551078"
"2380","6044696321"
"2381","6049340939"
"2382","6049338782"
"2383","7787312624"
"2384","6044698935"
"2385","6049170545"
"2386","6049171406"
"2387","6044926719"
"2388","7785226947"
"2389","6044693367"
"2390","6044619139"
"2391","6049348106"
"2392","6049393135"
"2393","7783558803"
"2394","6049379595"
"2395","6049178316"
"2396","6044696769"
"2397","6049360310"
"2398","6049366611"
"2399","6049391864"
"2400","6049370386"
"2401","6049315497"
"2402","6049370070"
"2403","7782171215"
"2404","6049494179"
"2405","7783550767"
"2406","6049311132"
"2407","6049496462"
"2408","6049373054"
"2409","6049176800"
"2410","6044690832"
"2411","6044693847"
"2412","7783554908"
"2413","6044921498"
"2414","6044699422"
"2415","7785222270"
"2416","6049348835"
"2417","7782721824"
"2418","6049177540"
"2419","7782721944"
"2420","6049349957"
"2421","6049372562"
"2422","6049395691"
"2423","6049496885"
"2424","7783557143"
"2425","6044694130"
"2426","7787317781"
"2427","6049174441"
"2428","6049176110"
"2429","6049312831"
"2430","6049493656"
"2431","6049361011"
"2432","6049494102"
"2433","6049390601"
"2434","7782178083"
"2435","6049341102"
"2436","6049332048"
"2437","6049376021"
"2438","6049494955"
"2439","7785223795"
"2440","6044616981"
"2441","7787315132"
"2442","6044927409"
"2443","6049363904"
"2444","6049393070"
"2445","6049365582"
"2446","7785224508"
"2447","6049179020"
"2448","6049361835"
"2449","7782179789"
"2450","6049362140"
"2451","6049178017"
"2452","6049311577"
"2453","6049337899"
"2454","6049348840"
"2455","6049337456"
"2456","7783557515"
"2457","7782729875"
"2458","6049348139"
"2459","6049173521"
"2460","7787316402"
"2461","7785227568"
"2462","6049497931"
"2463","7782723354"
"2464","6044923043"
"2465","7787317590"
"2466","6049373888"
"2467","6049377688"
"2468","6049176628"
"2469","6044928370"
"2470","6049490645"
"2471","6044697040"
"2472","6049369235"
"2473","6049499982"
"2474","7783551712"
"2475","7782720920"
"2476","6049172109"
"2477","7782170956"
"2478","6049340683"
"2479","7783552200"
"2480","6049331223"
"2481","7787318778"
"2482","6049345657"
"2483","7783558528"
"2484","6044613336"
"2485","6049494269"
"2486","6049313922"
"2487","6049496559"
"2488","7783551781"
"2489","6049392167"
"2490","6049491499"
"2491","7782720255"
"2492","6049496323"
"2493","6049348443"
"2494","7782720209"
"2495","6049174559"
"2496","7783553733"
"2497","6044617325"
"2498","7782726490"
"2499","6044920036"
"2500","7782721382"
"2501","6044618275"
"2502","7782721705"
"2503","7787312364"
"2504","6044691551"
"2505","6044697899"
"2506","6044923745"
"2507","6049348672"
"2508","7787313492"
"2509","7783553801"
"2510","6049177720"
"2511","7782727721"
"2512","6049338554"
"2513","6044611232"
"2514","7783557676"
"2515","6049340442"
"2516","6049333733"
"2517","6044923148"
"2518","6049333180"
"2519","6049337233"
"2520","6049398306"
"2521","6049390220"
"2522","6049364120"
"2523","6044929240"
"2524","6044697371"
"2525","7785220923"
"2526","6049178939"
"2527","6044922659"
"2528","7787313017"
"2529","7785227464"
"2530","6049348579"
"2531","7787318599"
"2532","7783555514"
"2533","7782726468"
"2534","6049377176"
"2535","6049368793"
"2536","7782723777"
"2537","7782173345"
"2538","7783556814"
"2539","7783555795"
"2540","6049316210"
"2541","6044924459"
"2542","7782172757"
"2543","6049494347"
"2544","6049375853"
"2545","6049394327"
"2546","6049348886"
"2547","7783550269"
"2548","7783557587"
"2549","6049173182"
"2550","6044613720"
"2551","6049379820"
"2552","6044696349"
"2553","6049349800"
"2554","7787313711"
"2555","7783552054"
"2556","6044612812"
"2557","6049378246"
"2558","6049368445"
"2559","6049374250"
"2560","6044928515"
"2561","6049317954"
"2562","6049179704"
"2563","6049346701"
"2564","7785227582"
"2565","6049398621"
"2566","6044924460"
"2567","7785228269"
"2568","6049348224"
"2569","6049397758"
"2570","6049498723"
"2571","6049372247"
"2572","6049333684"
"2573","6044927388"
"2574","7782722941"
"2575","6049396719"
"2576","6049340665"
"2577","6049366171"
"2578","6044921125"
"2579","7783556011"
"2580","7782721897"
"2581","6044697724"
"2582","7787311397"
"2583","7782179720"
"2584","6049498627"
"2585","6049364074"
"2586","7782176398"
"2587","6049370875"
"2588","7782172453"
"2589","6049340050"
"2590","6049496076"
"2591","6049497536"
"2592","6049490656"
"2593","6044694719"
"2594","6044697702"
"2595","7782171082"
"2596","7782722858"
"2597","7785226678"
"2598","7783553255"
"2599","6044924170"
"2600","6044697159"
"2601","6049375643"
"2602","7783550423"
"2603","7785224552"
"2604","6049335030"
"2605","6044694034"
"2606","6049360120"
"2607","6049177647"
"2608","7782725053"
"2609","6044695058"
"2610","6044926492"
"2611","6049494508"
"2612","6044699042"
"2613","6049375077"
"2614","6044619051"
"2615","6049347084"
"2616","6044617878"
"2617","6044928504"
"2618","7783553661"
"2619","6044691385"
"2620","6049393072"
"2621","6049330962"
"2622","7783552118"
"2623","7785226116"
"2624","6049341042"
"2625","6044928563"
"2626","6049362700"
"2627","7785224504"
"2628","7782729140"
"2629","6044697184"
"2630","6049394102"
"2631","6049360465"
"2632","7782171933"
"2633","6049497652"
"2634","6044926047"
"2635","6049348926"
"2636","6044923955"
"2637","6044693231"
"2638","6049367444"
"2639","6044927873"
"2640","6049392090"
"2641","6049310138"
"2642","6049332299"
"2643","6044698478"
"2644","7785227868"
"2645","7782174731"
"2646","7782729811"
"2647","6049175094"
"2648","6044615826"
"2649","6049336896"
"2650","6049318344"
"2651","7785229885"
"2652","6049336867"
"2653","7787315204"
"2654","6049371967"
"2655","6044691665"
"2656","7782171421"
"2657","6049390888"
"2658","6049391622"
"2659","7782729665"
"2660","6049341204"
"2661","6049330689"
"2662","6049336739"
"2663","6049339107"
"2664","7787313552"
"2665","7785224167"
"2666","6049373397"
"2667","6044611192"
"2668","7787311406"
"2669","6049174621"
"2670","7783558942"
"2671","7785228774"
"2672","6049391191"
"2673","6044926827"
"2674","7782174340"
"2675","7782174203"
"2676","6044615319"
"2677","6049330020"
"2678","7783554381"
"2679","7782178405"
"2680","6049368112"
"2681","6044611798"
"2682","6049373334"
"2683","6049391432"
"2684","6049332422"
"2685","7785227082"
"2686","7783551441"
"2687","6049365619"
"2688","6049348945"
"2689","7782178241"
"2690","6049371877"
"2691","6044929656"
"2692","6049330949"
"2693","6049333102"
"2694","6044696999"
"2695","6044616338"
"2696","6049397800"
"2697","6044921592"
"2698","6049178144"
"2699","6044921827"
"2700","6049170404"
"2701","7787319488"
"2702","6049170544"
"2703","6044923961"
"2704","7785227240"
"2705","6049311757"
"2706","6049319809"
"2707","6049175727"
"2708","7785225167"
"2709","6049369809"
"2710","6049315890"
"2711","6044698439"
"2712","6049175530"
"2713","7785222382"
"2714","7785223786"
"2715","7785228052"
"2716","6049330385"
"2717","6044926512"
"2718","6049364811"
"2719","6049492673"
"2720","6044923839"
"2721","6049377625"
"2722","6049330222"
"2723","7782178876"
"2724","6049333176"
"2725","7782178444"
"2726","7783552990"
"2727","6049335544"
"2728","6044929540"
"2729","6049334970"
"2730","6049173777"
"2731","7782176788"
"2732","7783550228"
"2733","6049337835"
"2734","6044617692"
"2735","6049313110"
"2736","6049336040"
"2737","6049179714"
"2738","7782173944"
"2739","6049361917"
"2740","6044612907"
"2741","7783554476"
"2742","6049374140"
"2743","6049333139"
"2744","7782176327"
"2745","6049345324"
"2746","6049318027"
"2747","7782172688"
"2748","6049366887"
"2749","6044699073"
"2750","6049361975"
"2751","6049334963"
"2752","6049367201"
"2753","7782178298"
"2754","7782726524"
"2755","6049394301"
"2756","6044928107"
"2757","6049491605"
"2758","6044611801"
"2759","6049366372"
"2760","7787315192"
"2761","6044610452"
"2762","6049498074"
"2763","6049392200"
"2764","7782178552"
"2765","7783553167"
"2766","7783559140"
"2767","6049398321"
"2768","6049498889"
"2769","6049365935"
"2770","7782724956"
"2771","6049170327"
"2772","7782178680"
"2773","7783557249"
"2774","6044611908"
"2775","6049310610"
"2776","7782171472"
"2777","6049494273"
"2778","6049311277"
"2779","7787310622"
"2780","6049374696"
"2781","7782728841"
"2782","6049337665"
"2783","6049374037"
"2784","7782720960"
"2785","6049372545"
"2786","6049178749"
"2787","6044615941"
"2788","6049178813"
"2789","7783551724"
"2790","7787310765"
"2791","6049340879"
"2792","6049171152"
"2793","6049493968"
"2794","6049337767"
"2795","7787316611"
"2796","7785228851"
"2797","6044613768"
"2798","7782174677"
"2799","7785224269"
"2800","6044698561"
"2801","6049338943"
"2802","6049331070"
"2803","6049334603"
"2804","7787319825"
"2805","6049175857"
"2806","7783559821"
"2807","6049377480"
"2808","6049394489"
"2809","6049176269"
"2810","7782723439"
"2811","6044614333"
"2812","6049365039"
"2813","6049316358"
"2814","6049376715"
"2815","7783554771"
"2816","6049177936"
"2817","6044698571"
"2818","6049366170"
"2819","6044691759"
"2820","6049378052"
"2821","6049173605"
"2822","6049379121"
"2823","6049349851"
"2824","7782174272"
"2825","6044928375"
"2826","7782726214"
"2827","6049179485"
"2828","6049311592"
"2829","7782175008"
"2830","7787315166"
"2831","7782171834"
"2832","7787313307"
"2833","6049318201"
"2834","6044922339"
"2835","7783558122"
"2836","7785222755"
"2837","7783554821"
"2838","7783552227"
"2839","7783554314"
"2840","7787311928"
"2841","7785229122"
"2842","7783559855"
"2843","7782175502"
"2844","7785225300"
"2845","7787310279"
"2846","7782724725"
"2847","6044926135"
"2848","6044693697"
"2849","7787318180"
"2850","6049338727"
"2851","7782172142"
"2852","7782724296"
"2853","6049377914"
"2854","6049372626"
"2855","6049314621"
"2856","6044696691"
"2857","7782725822"
"2858","6044696792"
"2859","6044690668"
"2860","7782729783"
"2861","6049179531"
"2862","6044612790"
"2863","7785228270"
"2864","7782726887"
"2865","6049310168"
"2866","7782725662"
"2867","7783556474"
"2868","6044927329"
"2869","7783554250"
"2870","6044924025"
"2871","6049375007"
"2872","7783551634"
"2873","7782178434"
"2874","6049171354"
"2875","6049175628"
"2876","6049174045"
"2877","6049332788"
"2878","6049490050"
"2879","6044616219"
"2880","7787319340"
"2881","7783553892"
"2882","6044611485"
"2883","6049345156"
"2884","7785229891"
"2885","6049368397"
"2886","6049371030"
"2887","6044694585"
"2888","6049376570"
"2889","7787317006"
"2890","6049346896"
"2891","6044696622"
"2892","6044617510"
"2893","6044693139"
"2894","6049391187"
"2895","6049372523"
"2896","7783556569"
"2897","7787313264"
"2898","6049331219"
"2899","6049365781"
"2900","6049365946"
"2901","6044699001"
"2902","6044613251"
"2903","6049332067"
"2904","6049367420"
"2905","7787318631"
"2906","6049177991"
"2907","6044928267"
"2908","6044691978"
"2909","6049319064"
"2910","7785229714"
"2911","6049315470"
"2912","7782729027"
"2913","6044612975"
"2914","6044921243"
"2915","7783557056"
"2916","6049379517"
"2917","6044696079"
"2918","7787315050"
"2919","6049336984"
"2920","6044699338"
"2921","6049498990"
"2922","6049174139"
"2923","7782726215"
"2924","7785226583"
"2925","7787312847"
"2926","7782727125"
"2927","7782171808"
"2928","6049391996"
"2929","6044697910"
"2930","6049179352"
"2931","7782729316"
"2932","6049498475"
"2933","7782178002"
"2934","6049499070"
"2935","6049374300"
"2936","6049342231"
"2937","7783551984"
"2938","6049366745"
"2939","6044696210"
"2940","6044618440"
"2941","7782174737"
"2942","6044618237"
"2943","7783555631"
"2944","6049371574"
"2945","7787312471"
"2946","7782728496"
"2947","7783551206"
"2948","6049371193"
"2949","6044928530"
"2950","6049396393"
"2951","6049497863"
"2952","7785228794"
"2953","6049332883"
"2954","6049172582"
"2955","6049491408"
"2956","6049335535"
"2957","7782171263"
"2958","7787316451"
"2959","6049338229"
"2960","6049366908"
"2961","6049378234"
"2962","6044693326"
"2963","6049377791"
"2964","6049371472"
"2965","7783558463"
"2966","6049336572"
"2967","7782172796"
"2968","6044924394"
"2969","6049393348"
"2970","7787310319"
"2971","6049315332"
"2972","7782171854"
"2973","6049491224"
"2974","6049490351"
"2975","7782176598"
"2976","6044920139"
"2977","7785222668"
"2978","6049310740"
"2979","6049333236"
"2980","7785227673"
"2981","6044615947"
"2982","6049339862"
"2983","6049391009"
"2984","6049499934"
"2985","6049364245"
"2986","6049361958"
"2987","7783550572"
"2988","7783555423"
"2989","6049334368"
"2990","7785224522"
"2991","6049341637"
"2992","7783559168"
"2993","6049177051"
"2994","6049310444"
"2995","6049176560"
"2996","6044922433"
"2997","7787317232"
"2998","7787319802"
"2999","6049347309"
"3000","6049366584"
"3001","7782179397"
"3002","6049343920"
"3003","6049312353"
"3004","6044616348"
"3005","7785224237"
"3006","6049361299"
"3007","6049391102"
"3008","6044694824"
"3009","6049363818"
"3010","7785229254"
"3011","6044697900"
"3012","7782177917"
"3013","6044925740"
"3014","6044619362"
"3015","6044694787"
"3016","6049391663"
"3017","6049339438"
"3018","7787315444"
"3019","6049367473"
"3020","6044697118"
"3021","7785222772"
"3022","7787315389"
"3023","6044695686"
"3024","7782171346"
"3025","6049369248"
"3026","6044616688"
"3027","6049173793"
"3028","6049492891"
"3029","6044698023"
"3030","7782727587"
"3031","6044691411"
"3032","6049173272"
"3033","6049338572"
"3034","6049176775"
"3035","6049362462"
"3036","6044691018"
"3037","6044690999"
"3038","6049335140"
"3039","7785229810"
"3040","7782729026"
"3041","7782723220"
"3042","6049172989"
"3043","7787318349"
"3044","6049314342"
"3045","6049362830"
"3046","6049364115"
"3047","7783553259"
"3048","6049317355"
"3049","7783553343"
"3050","7787313536"
"3051","6049330428"
"3052","7782177737"
"3053","6044698316"
"3054","7783556437"
"3055","6044698565"
"3056","7785222047"
"3057","6049376698"
"3058","6049344603"
"3059","7785226917"
"3060","6049365578"
"3061","6044696821"
"3062","7783553023"
"3063","6049315972"
"3064","6049497717"
"3065","6044696148"
"3066","6044616557"
"3067","6049369532"
"3068","7783552957"
"3069","6044617024"
"3070","6049498821"
"3071","6044610345"
"3072","6049315415"
"3073","6049342636"
"3074","6049376764"
"3075","6044611554"
"3076","7787316503"
"3077","7782729914"
"3078","6049492692"
"3079","6044612725"
"3080","6049367890"
"3081","6049172407"
"3082","7782170993"
"3083","6044920221"
"3084","6049371483"
"3085","6044925596"
"3086","6049338610"
"3087","6049314325"
"3088","6049330983"
"3089","6049498289"
"3090","6044699144"
"3091","6049376505"
"3092","6049364327"
"3093","7782172067"
"3094","6044922357"
"3095","6049175854"
"3096","7782721807"
"3097","6049379903"
"3098","6049174711"
"3099","6049338408"
"3100","6049334046"
"3101","6049337633"
"3102","7787317063"
"3103","6049173305"
"3104","6049349743"
"3105","6049336022"
"3106","6049390082"
"3107","6049363672"
"3108","7782723636"
"3109","6049397028"
"3110","7782173468"
"3111","7785221792"
"3112","6044692593"
"3113","6049374769"
"3114","6049392253"
"3115","6044613255"
"3116","7783552448"
"3117","6049498455"
"3118","6049348144"
"3119","7785222478"
"3120","6049496600"
"3121","6049363060"
"3122","7787319613"
"3123","6044616861"
"3124","6049338437"
"3125","6049312642"
"3126","7782176727"
"3127","6049346538"
"3128","6044618740"
"3129","6049369932"
"3130","6049172702"
"3131","7782729135"
"3132","6049176013"
"3133","6044922935"
"3134","6049170500"
"3135","7785226803"
"3136","6044692910"
"3137","7782172191"
"3138","6044615562"
"3139","7787315626"
"3140","6049490271"
"3141","6049348098"
"3142","6044610046"
"3143","7782174628"
"3144","6049178215"
"3145","6049172269"
"3146","6044610161"
"3147","7782170897"
"3148","6049312329"
"3149","6049363261"
"3150","6049398160"
"3151","6049499604"
"3152","6049372594"
"3153","7783551331"
"3154","6049179386"
"3155","6044929078"
"3156","7782725632"
"3157","7787314418"
"3158","6049363115"
"3159","6044619303"
"3160","6049317743"
"3161","6044924166"
"3162","6049399544"
"3163","6049339945"
"3164","6049349856"
"3165","6044924059"
"3166","6049368690"
"3167","6044928136"
"3168","6049497290"
"3169","6049319217"
"3170","7783552722"
"3171","6049343251"
"3172","6049173355"
"3173","6049330399"
"3174","7782722235"
"3175","7782178086"
"3176","6049399990"
"3177","6049398554"
"3178","6049362815"
"3179","6049333939"
"3180","6049494251"
"3181","6049175862"
"3182","6044929536"
"3183","6049340192"
"3184","7783556442"
"3185","7787318042"
"3186","6049497598"
"3187","6049370503"
"3188","7787315101"
"3189","6049492162"
"3190","6049492463"
"3191","6049367331"
"3192","6049173417"
"3193","6049339241"
"3194","6049335609"
"3195","6044921545"
"3196","6049490590"
"3197","6049170293"
"3198","6049493271"
"3199","6044611343"
"3200","7783552239"
"3201","7782175306"
"3202","6049311649"
"3203","6049493687"
"3204","6049175392"
"3205","6044695095"
"3206","6049369691"
"3207","6049335672"
"3208","7783558369"
"3209","6049330271"
"3210","6049363242"
"3211","7782724891"
"3212","7783559981"
"3213","7787316944"
"3214","6044610244"
"3215","7782172631"
"3216","6044694991"
"3217","6049392192"
"3218","6044694178"
"3219","7782724943"
"3220","6049311464"
"3221","6049370841"
"3222","6049369792"
"3223","6049342104"
"3224","6049396122"
"3225","6049174291"
"3226","6044925476"
"3227","7782171254"
"3228","7782721916"
"3229","7787315893"
"3230","6044614890"
"3231","6049175698"
"3232","7787318926"
"3233","7782177546"
"3234","6049319112"
"3235","6049172401"
"3236","6049346258"
"3237","6049494771"
"3238","6044619387"
"3239","6049371012"
"3240","7782177900"
"3241","7787319870"
"3242","6044617083"
"3243","6049177847"
"3244","6049311733"
"3245","6049176682"
"3246","7783551365"
"3247","6049499763"
"3248","6049493418"
"3249","7782174902"
"3250","6049348526"
"3251","6044695228"
"3252","6044922443"
"3253","6049332569"
"3254","6049360666"
"3255","6049379185"
"3256","6049319536"
"3257","6049379686"
"3258","6049312093"
"3259","6049310498"
"3260","6044923979"
"3261","6049172464"
"3262","7782728949"
"3263","6044922915"
"3264","6044921232"
"3265","6044924384"
"3266","7787311253"
"3267","6049318326"
"3268","7783552712"
"3269","6044612220"
"3270","7782177212"
"3271","6049499179"
"3272","6049333656"
"3273","6049334686"
"3274","6044612162"
"3275","7787317514"
"3276","6049337982"
"3277","6049370877"
"3278","6049172726"
"3279","6044925258"
"3280","7783555909"
"3281","6049348551"
"3282","6049310580"
"3283","6049317009"
"3284","6049177282"
"3285","6049315684"
"3286","7783552130"
"3287","6049345716"
"3288","7782723145"
"3289","6049394112"
"3290","6044923803"
"3291","6044920873"
"3292","7782723741"
"3293","6044923975"
"3294","7783553768"
"3295","6044924286"
"3296","7782720490"
"3297","7782174734"
"3298","6049490724"
"3299","7782171849"
"3300","6044618360"
"3301","6049334348"
"3302","6044695902"
"3303","6049493946"
"3304","7785222124"
"3305","6044924744"
"3306","6044924715"
"3307","6049174952"
"3308","6049319903"
"3309","6044618637"
"3310","6044693510"
"3311","6049170411"
"3312","6044921500"
"3313","6049172168"
"3314","6049171382"
"3315","6049390631"
"3316","6044612214"
"3317","6049394974"
"3318","6049343831"
"3319","6049372530"
"3320","6049318119"
"3321","7782724219"
"3322","7782174223"
"3323","6044612177"
"3324","6049342756"
"3325","6049492338"
"3326","6049490143"
"3327","6049343928"
"3328","7782177520"
"3329","6049394022"
"3330","6049369100"
"3331","6049310967"
"3332","6044929064"
"3333","6049176845"
"3334","6049316630"
"3335","7783551324"
"3336","6044693204"
"3337","7782170848"
"3338","7782177739"
"3339","6049395421"
"3340","6044615526"
"3341","6044615299"
"3342","6049367181"
"3343","6049170210"
"3344","6049369904"
"3345","6049399566"
"3346","7787316318"
"3347","6049399554"
"3348","6049345944"
"3349","6049396658"
"3350","7783555270"
"3351","6049337583"
"3352","6049363461"
"3353","6049372552"
"3354","6044695927"
"3355","6049377090"
"3356","6049318970"
"3357","7787314959"
"3358","7787315312"
"3359","6049311759"
"3360","6044925080"
"3361","6049332796"
"3362","6049399484"
"3363","7787319824"
"3364","6049397161"
"3365","6049379892"
"3366","7782727471"
"3367","7787314831"
"3368","6049499979"
"3369","6049318614"
"3370","6044611900"
"3371","7783555897"
"3372","7782721867"
"3373","6049361148"
"3374","6044693048"
"3375","6049375213"
"3376","7783556887"
"3377","7782723328"
"3378","6044614414"
"3379","7783555392"
"3380","6049178214"
"3381","7787311714"
"3382","6049313537"
"3383","6049360154"
"3384","6044619153"
"3385","7783559028"
"3386","7782728358"
"3387","6049316922"
"3388","6049376991"
"3389","6049312693"
"3390","7782726933"
"3391","6049368246"
"3392","6049362524"
"3393","6049369135"
"3394","6049316769"
"3395","7783551730"
"3396","7787318316"
"3397","6049346193"
"3398","6044923808"
"3399","6044616651"
"3400","7783554162"
"3401","7783557236"
"3402","6049178820"
"3403","6049378814"
"3404","6049373819"
"3405","6044692192"
"3406","6049390795"
"3407","6049345312"
"3408","6049363350"
"3409","7783550832"
"3410","6049399869"
"3411","6049366722"
"3412","6049179579"
"3413","6049172114"
"3414","7782723314"
"3415","7782178582"
"3416","6049319509"
"3417","7783556983"
"3418","6044921599"
"3419","6044612366"
"3420","6044697034"
"3421","6049173104"
"3422","6049339360"
"3423","7783554981"
"3424","6049377525"
"3425","7783554272"
"3426","6049370139"
"3427","6049343797"
"3428","6049397043"
"3429","7782729921"
"3430","6044696505"
"3431","6049361411"
"3432","7782175321"
"3433","6049339793"
"3434","6049499026"
"3435","6049491183"
"3436","6049337511"
"3437","6049371406"
"3438","7787315694"
"3439","6044616809"
"3440","6049342135"
"3441","6044928177"
"3442","6044695733"
"3443","6044697428"
"3444","6049369299"
"3445","6049376726"
"3446","6049498314"
"3447","6049394645"
"3448","6044694246"
"3449","7785223979"
"3450","6049360890"
"3451","6049347612"
"3452","6049393674"
"3453","6049173527"
"3454","7782173735"
"3455","6049393844"
"3456","6044929819"
"3457","7782172407"
"3458","6049335052"
"3459","6049339428"
"3460","6044691472"
"3461","7782177538"
"3462","7782729222"
"3463","6049368909"
"3464","6049495622"
"3465","7783556096"
"3466","6049497604"
"3467","7783559072"
"3468","6044923159"
"3469","6049371560"
"3470","6044698281"
"3471","7787318144"
"3472","6049378920"
"3473","6049378150"
"3474","6049374688"
"3475","7785229075"
"3476","7785220487"
"3477","7787317560"
"3478","7783557219"
"3479","6049339727"
"3480","6044927599"
"3481","6049173731"
"3482","6049370126"
"3483","6049346467"
"3484","6049349605"
"3485","7782179655"
"3486","6049340848"
"3487","7787318239"
"3488","6049170868"
"3489","7785229516"
"3490","6049311196"
"3491","6049370696"
"3492","7782177583"
"3493","6049173102"
"3494","6049347554"
"3495","6049368720"
"3496","6049310877"
"3497","6044690048"
"3498","6044613185"
"3499","6049313445"
"3500","6049331299"
"3501","6049312846"
"3502","7782172399"
"3503","6044923840"
"3504","6049399373"
"3505","7787317467"
"3506","6049369328"
"3507","6044691940"
"3508","7783552890"
"3509","6044690358"
"3510","7783556549"
"3511","7785223358"
"3512","6049362720"
"3513","7782724028"
"3514","6049395888"
"3515","6049177909"
"3516","6044696773"
"3517","6044691047"
"3518","6044922147"
"3519","6049315683"
"3520","6049346243"
"3521","6049332758"
"3522","7785228302"
"3523","6044922185"
"3524","6049364393"
"3525","6049499705"
"3526","7782176852"
"3527","6044618289"
"3528","6049497013"
"3529","7785226084"
"3530","6044611997"
"3531","6049177130"
"3532","6049399477"
"3533","6049174870"
"3534","6049397886"
"3535","6049367047"
"3536","7785223131"
"3537","7782722851"
"3538","7783550651"
"3539","7782172746"
"3540","6049339132"
"3541","6049345291"
"3542","6049366661"
"3543","6044699426"
"3544","6044617415"
"3545","6049364630"
"3546","6049319281"
"3547","7782721659"
"3548","6044924962"
"3549","7782723526"
"3550","7782173747"
"3551","7785221428"
"3552","6044612483"
"3553","6049396163"
"3554","7783556931"
"3555","6049396498"
"3556","7782173513"
"3557","6049498689"
"3558","6049178406"
"3559","7782726913"
"3560","6049173841"
"3561","6049338906"
"3562","6044697035"
"3563","6049492617"
"3564","6049341962"
"3565","7787319722"
"3566","6049310894"
"3567","7783556249"
"3568","6049315052"
"3569","6049314055"
"3570","6049349063"
"3571","7782727216"
"3572","7787315522"
"3573","6049178500"
"3574","7785226637"
"3575","7782179455"
"3576","6044619176"
"3577","7782170831"
"3578","6044618197"
"3579","7782173635"
"3580","6049343455"
"3581","6049332676"
"3582","7782174348"
"3583","6049391230"
"3584","6049343009"
"3585","6049314086"
"3586","6049496235"
"3587","6049311696"
"3588","6049396399"
"3589","7783551741"
"3590","6049498778"
"3591","6049398671"
"3592","6044691923"
"3593","6044618163"
"3594","7785229116"
"3595","6049336473"
"3596","7782178535"
"3597","6049341161"
"3598","7787317946"
"3599","7782725341"
"3600","7787314164"
"3601","7785225159"
"3602","7787318409"
"3603","7785228292"
"3604","7783554433"
"3605","6044923758"
"3606","6044615847"
"3607","6049345754"
"3608","6049176665"
"3609","7782720547"
"3610","7782721935"
"3611","7782174572"
"3612","6044618214"
"3613","6049332183"
"3614","6049373321"
"3615","6049342837"
"3616","6044611095"
"3617","6049336623"
"3618","6044619194"
"3619","6044922076"
"3620","6044616670"
"3621","7782177922"
"3622","7782729047"
"3623","6049314018"
"3624","6049347364"
"3625","7782725375"
"3626","7782725590"
"3627","6049491982"
"3628","6049338308"
"3629","7782724244"
"3630","6049333768"
"3631","6049369304"
"3632","7783556059"
"3633","6049369159"
"3634","6049371607"
"3635","6049364508"
"3636","6049336710"
"3637","6049363499"
"3638","6049314653"
"3639","6049170346"
"3640","7787312025"
"3641","6049173964"
"3642","6044697751"
"3643","6044697569"
"3644","7787315775"
"3645","6049337715"
"3646","7785223319"
"3647","6049310944"
"3648","6049319921"
"3649","6044921117"
"3650","6044921764"
"3651","7787313562"
"3652","6049170783"
"3653","6044921333"
"3654","6049374010"
"3655","6049317696"
"3656","6049342108"
"3657","6049334746"
"3658","6044924845"
"3659","6044922180"
"3660","7783557200"
"3661","6049394395"
"3662","6049494586"
"3663","7787319720"
"3664","6044698518"
"3665","6049343471"
"3666","6044614123"
"3667","6049390292"
"3668","6044925334"
"3669","6049311109"
"3670","6044696560"
"3671","6049363422"
"3672","6049311053"
"3673","6044611513"
"3674","6049335826"
"3675","7787314127"
"3676","7785225303"
"3677","6049369003"
"3678","6044695533"
"3679","7783554444"
"3680","7787314134"
"3681","7782722080"
"3682","6044698827"
"3683","7787318961"
"3684","7785222400"
"3685","7785220290"
"3686","6049174299"
"3687","6049179776"
"3688","7782727702"
"3689","7785220785"
"3690","7785220658"
"3691","6044924029"
"3692","6049346774"
"3693","6049342008"
"3694","6044690816"
"3695","7787313192"
"3696","6049393685"
"3697","6049379751"
"3698","6049372735"
"3699","6049360072"
"3700","6044693212"
"3701","6049334684"
"3702","6049495127"
"3703","6044925348"
"3704","6049172049"
"3705","7782176189"
"3706","7783555668"
"3707","6049390709"
"3708","6049370019"
"3709","6049345935"
"3710","6049494852"
"3711","6049370852"
"3712","6049394259"
"3713","6049491211"
"3714","6049172072"
"3715","6044927965"
"3716","7785220645"
"3717","6049317113"
"3718","6049316635"
"3719","6044611745"
"3720","6049371188"
"3721","7783555040"
"3722","6049318196"
"3723","7782178768"
"3724","7783558499"
"3725","6049493985"
"3726","7782179831"
"3727","7787317400"
"3728","6049377346"
"3729","6049346997"
"3730","6049498518"
"3731","7783556042"
"3732","6049171968"
"3733","6049363057"
"3734","7782723423"
"3735","7785223085"
"3736","6049312570"
"3737","7787315777"
"3738","6049369196"
"3739","7782174289"
"3740","6049330092"
"3741","6049330927"
"3742","6049174269"
"3743","7785227445"
"3744","6044617306"
"3745","6049344775"
"3746","6049370172"
"3747","6049498765"
"3748","6049330624"
"3749","6049490160"
"3750","7785224836"
"3751","6049176667"
"3752","6044617886"
"3753","6049390620"
"3754","6049174527"
"3755","6049360849"
"3756","6049178761"
"3757","7782724487"
"3758","6044615292"
"3759","6049331376"
"3760","6049349769"
"3761","6049334080"
"3762","6044617208"
"3763","6044696718"
"3764","7782726778"
"3765","6049397386"
"3766","7787311514"
"3767","7783557708"
"3768","7782178476"
"3769","6044925510"
"3770","6044612195"
"3771","7782173751"
"3772","6044619409"
"3773","7782725419"
"3774","7782727458"
"3775","7782173697"
"3776","6049175551"
"3777","6049494341"
"3778","6044924828"
"3779","6049490862"
"3780","7782176485"
"3781","6049493168"
"3782","6044695956"
"3783","6049397210"
"3784","6049339953"
"3785","6049494176"
"3786","6044619776"
"3787","6049330323"
"3788","6049336104"
"3789","7787310224"
"3790","7782721722"
"3791","6049493527"
"3792","6049349372"
"3793","6044693258"
"3794","6049343631"
"3795","7787313973"
"3796","6049318396"
"3797","6049367887"
"3798","6049395399"
"3799","6044693603"
"3800","6044614554"
"3801","6049317848"
"3802","6049335746"
"3803","7782722446"
"3804","6049495393"
"3805","6049394786"
"3806","6044694535"
"3807","6049317653"
"3808","6049317663"
"3809","6049360368"
"3810","6049395447"
"3811","6049375555"
"3812","7783550135"
"3813","7782721810"
"3814","7787319623"
"3815","7782177430"
"3816","6049179807"
"3817","7785228010"
"3818","6049344684"
"3819","6049348221"
"3820","6049340900"
"3821","6049495230"
"3822","6049369337"
"3823","7782171719"
"3824","6049495573"
"3825","7785222025"
"3826","6049310912"
"3827","7785228748"
"3828","7787317068"
"3829","7782720198"
"3830","6049176761"
"3831","6049377587"
"3832","7782173244"
"3833","6049373021"
"3834","6044920752"
"3835","6044695439"
"3836","6049310881"
"3837","7782175139"
"3838","6049342373"
"3839","6044616972"
"3840","7783550738"
"3841","7783555379"
"3842","6044928638"
"3843","6044699963"
"3844","6049366090"
"3845","7785220264"
"3846","6049319034"
"3847","7782177219"
"3848","6049377260"
"3849","6049497472"
"3850","7782172887"
"3851","6049398373"
"3852","6049395722"
"3853","6044612890"
"3854","6049499562"
"3855","6049361962"
"3856","6049349402"
"3857","6049345761"
"3858","7787316824"
"3859","7782720993"
"3860","6044619159"
"3861","6049373615"
"3862","7787312131"
"3863","6049319910"
"3864","6049337117"
"3865","7785222954"
"3866","6049313771"
"3867","6049361125"
"3868","6049494592"
"3869","7783556021"
"3870","6044927245"
"3871","7785221652"
"3872","6044923723"
"3873","6049315806"
"3874","7787313647"
"3875","6044695216"
"3876","6049397350"
"3877","6049392929"
"3878","6044690578"
"3879","6049371811"
"3880","6049315062"
"3881","7782725227"
"3882","7782174263"
"3883","7785229142"
"3884","6049339971"
"3885","7783555679"
"3886","6049393059"
"3887","6049331915"
"3888","6049340976"
"3889","6049334799"
"3890","6049312386"
"3891","6049340861"
"3892","6044697449"
"3893","6049348297"
"3894","6049177384"
"3895","6044920181"
"3896","6049175113"
"3897","7782175724"
"3898","7782729343"
"3899","6049333964"
"3900","6044612256"
"3901","7783558534"
"3902","6049364858"
"3903","6049375519"
"3904","6049346639"
"3905","6049362758"
"3906","6049338816"
"3907","6049338024"
"3908","7782720695"
"3909","6044611597"
"3910","7785227167"
"3911","6049364824"
"3912","7783559244"
"3913","7783556824"
"3914","6049172280"
"3915","7785221610"
"3916","6049363343"
"3917","6044691367"
"3918","6044696653"
"3919","6049368435"
"3920","6049366687"
"3921","6044615672"
"3922","6049363006"
"3923","7782721737"
"3924","6049340577"
"3925","6049171316"
"3926","6049337565"
"3927","6049316430"
"3928","7782170377"
"3929","6049170118"
"3930","7787319880"
"3931","6049175638"
"3932","6049372425"
"3933","6049374178"
"3934","7785221285"
"3935","6044697812"
"3936","7782175936"
"3937","6049330570"
"3938","6049177568"
"3939","6049343278"
"3940","7787319743"
"3941","6049339441"
"3942","6049173015"
"3943","7785220554"
"3944","7782175313"
"3945","6049361075"
"3946","6049361443"
"3947","6049348685"
"3948","6049375074"
"3949","6044923540"
"3950","6049394549"
"3951","6049312434"
"3952","6049375731"
"3953","6049348915"
"3954","6049364805"
"3955","6044614020"
"3956","6049375449"
"3957","6049360160"
"3958","6049363094"
"3959","7783555003"
"3960","6049179101"
"3961","6049398703"
"3962","6049339665"
"3963","7785221355"
"3964","6044928819"
"3965","7785225060"
"3966","6049313463"
"3967","6044926930"
"3968","6049493575"
"3969","7782722884"
"3970","7782725914"
"3971","7787312049"
"3972","6044618013"
"3973","6049342303"
"3974","7782726740"
"3975","7782170712"
"3976","7782178707"
"3977","7787311070"
"3978","6044926681"
"3979","6049379708"
"3980","7787317378"
"3981","6049340325"
"3982","6044616033"
"3983","6049397847"
"3984","7782722274"
"3985","7782175505"
"3986","6049373599"
"3987","6049373475"
"3988","6049340210"
"3989","6044922868"
"3990","6049499221"
"3991","6049310181"
"3992","6049369855"
"3993","7785225382"
"3994","6049343146"
"3995","6044926877"
"3996","7782170789"
"3997","7783550040"
"3998","6044614064"
"3999","6044695371"
"4000","7785229950"
"4001","6049345260"
"4002","6049497407"
"4003","6049396569"
"4004","6049375616"
"4005","6044695905"
"4006","7785224134"
"4007","7782175795"
"4008","6049176338"
"4009","6044619485"
"4010","6049338083"
"4011","6049369294"
"4012","7782170308"
"4013","6044924624"
"4014","7782720470"
"4015","6049318142"
"4016","6049343318"
"4017","6049399728"
"4018","6049393566"
"4019","6049392178"
"4020","6049175323"
"4021","6049311682"
"4022","6044691467"
"4023","6049341893"
"4024","6044695111"
"4025","6049396367"
"4026","6049315848"
"4027","6049332968"
"4028","6049312174"
"4029","6044616497"
"4030","6044610367"
"4031","6049310405"
"4032","6049313982"
"4033","7785228440"
"4034","6049379867"
"4035","6049369129"
"4036","6049399967"
"4037","7782722408"
"4038","6044612716"
"4039","6049370479"
"4040","6049368172"
"4041","6049344072"
"4042","6049499375"
"4043","6044925506"
"4044","6049362095"
"4045","6049330510"
"4046","7785225993"
"4047","7787312633"
"4048","6049343968"
"4049","6049332739"
"4050","6049398609"
"4051","6049342629"
"4052","6049391966"
"4053","7783557134"
"4054","6049373402"
"4055","6049173654"
"4056","7782178041"
"4057","7782721978"
"4058","7785223046"
"4059","7785227135"
"4060","6044694782"
"4061","6049314593"
"4062","6049174265"
"4063","6049396682"
"4064","7783558044"
"4065","6049366392"
"4066","6044695093"
"4067","6049368158"
"4068","7787318752"
"4069","6044611389"
"4070","7783559450"
"4071","7787313145"
"4072","6049338069"
"4073","6049372058"
"4074","7783559822"
"4075","7787317677"
"4076","7782725283"
"4077","6044615509"
"4078","7783557936"
"4079","6044924264"
"4080","7785226474"
"4081","6049393493"
"4082","6049394476"
"4083","6044926095"
"4084","6044925081"
"4085","6049361618"
"4086","7785221097"
"4087","6049493174"
"4088","6049394993"
"4089","6044614932"
"4090","6049316101"
"4091","6049394163"
"4092","6044693390"
"4093","6049347892"
"4094","6049173241"
"4095","7782178790"
"4096","6049360430"
"4097","7783557641"
"4098","6049377355"
"4099","6049398923"
"4100","7787312540"
"4101","7785221140"
"4102","6049377912"
"4103","6049376616"
"4104","6049333536"
"4105","6049371496"
"4106","7785227040"
"4107","6049346287"
"4108","6049497922"
"4109","7787316909"
"4110","7783554098"
"4111","7782172706"
"4112","6049319423"
"4113","6049342431"
"4114","6044696554"
"4115","6044927172"
"4116","6044619903"
"4117","6049368505"
"4118","6049333540"
"4119","6044613376"
"4120","7787314787"
"4121","6049361619"
"4122","6049318408"
"4123","6049371139"
"4124","7782171277"
"4125","7785227814"
"4126","7787318589"
"4127","6049493291"
"4128","6049177062"
"4129","6049375891"
"4130","6044924367"
"4131","7783553731"
"4132","7785224038"
"4133","6044617543"
"4134","7785220924"
"4135","6049496222"
"4136","6049349854"
"4137","6049174066"
"4138","6049337278"
"4139","6044920313"
"4140","6049310417"
"4141","6044924519"
"4142","6049494199"
"4143","6049311448"
"4144","7782170119"
"4145","6049375053"
"4146","6049175652"
"4147","6049367050"
"4148","6049499643"
"4149","6049390584"
"4150","7785229034"
"4151","6049498396"
"4152","6044926881"
"4153","6049376859"
"4154","7785222431"
"4155","6049397670"
"4156","7785225085"
"4157","6049347700"
"4158","6049374272"
"4159","6049499898"
"4160","6044690772"
"4161","7787319817"
"4162","7785224144"
"4163","6044921221"
"4164","6049397998"
"4165","7782725696"
"4166","6049319595"
"4167","7787318623"
"4168","6049331993"
"4169","7785220747"
"4170","7787313183"
"4171","7785229010"
"4172","6049368021"
"4173","6049498492"
"4174","6044924272"
"4175","6049491284"
"4176","6044690008"
"4177","6049497099"
"4178","6049396485"
"4179","6044920366"
"4180","6044610730"
"4181","6049366191"
"4182","6044693349"
"4183","6049312539"
"4184","6044691334"
"4185","6044921911"
"4186","6049499644"
"4187","6049314543"
"4188","6049316372"
"4189","7782729882"
"4190","7785220433"
"4191","6049369247"
"4192","6049362466"
"4193","7787312890"
"4194","6049338457"
"4195","6044690476"
"4196","6049391817"
"4197","6049374963"
"4198","6049174863"
"4199","7785221676"
"4200","6044614897"
"4201","6044922907"
"4202","6044615083"
"4203","7785220700"
"4204","6049366166"
"4205","6049315583"
"4206","6049490805"
"4207","6049362745"
"4208","7782728406"
"4209","6044695343"
"4210","7782726848"
"4211","7782173891"
"4212","6049173444"
"4213","7787310278"
"4214","6049170265"
"4215","7782177226"
"4216","6049377892"
"4217","7782729005"
"4218","7787316918"
"4219","7785229119"
"4220","6044699656"
"4221","6049340777"
"4222","6049495386"
"4223","6049316988"
"4224","7783554831"
"4225","6049176420"
"4226","7782172369"
"4227","7785226445"
"4228","7782171154"
"4229","7785229025"
"4230","7787312947"
"4231","7782173332"
"4232","6044690134"
"4233","7782176898"
"4234","6049340646"
"4235","6049338701"
"4236","6049392682"
"4237","6044927783"
"4238","7787312670"
"4239","6049392435"
"4240","6049341245"
"4241","7783556311"
"4242","6049372367"
"4243","7783554268"
"4244","7782721063"
"4245","6049492252"
"4246","6049494621"
"4247","6049494361"
"4248","6049343640"
"4249","7785225884"
"4250","6044926482"
"4251","7785224400"
"4252","7782177698"
"4253","7785228621"
"4254","6049175914"
"4255","6044699430"
"4256","6049371210"
"4257","6044696108"
"4258","7785221719"
"4259","6049391173"
"4260","6049379095"
"4261","6049492941"
"4262","6044616639"
"4263","6049176671"
"4264","7783557825"
"4265","6049360806"
"4266","6049492122"
"4267","7785224765"
"4268","6049170218"
"4269","7782170573"
"4270","6049496529"
"4271","6049318026"
"4272","6049492629"
"4273","7787313363"
"4274","6049394351"
"4275","6049398238"
"4276","7783555754"
"4277","6049497777"
"4278","6049345355"
"4279","6044693977"
"4280","7787314937"
"4281","6049178213"
"4282","6049335779"
"4283","6049310461"
"4284","7785226570"
"4285","6049338255"
"4286","6049178555"
"4287","7787314446"
"4288","7782729803"
"4289","6049377360"
"4290","7782726841"
"4291","7782170943"
"4292","7785222732"
"4293","6049396909"
"4294","6049394182"
"4295","6044920106"
"4296","7782170817"
"4297","7785223704"
"4298","6049378029"
"4299","6049364678"
"4300","6049312715"
"4301","7787314031"
"4302","6049332096"
"4303","6049172152"
"4304","6044614746"
"4305","6044619155"
"4306","6049313906"
"4307","6049371084"
"4308","7783550726"
"4309","6049397518"
"4310","7785220241"
"4311","6049493949"
"4312","6049374874"
"4313","6049330388"
"4314","6049333529"
"4315","6049493918"
"4316","6044922928"
"4317","7783557441"
"4318","7787319675"
"4319","6049369783"
"4320","6044922761"
"4321","7782729195"
"4322","6049362040"
"4323","6049361340"
"4324","6044691664"
"4325","6044921737"
"4326","6049336611"
"4327","6049361706"
"4328","7783552894"
"4329","6049369027"
"4330","6049393488"
"4331","6049332261"
"4332","6049175432"
"4333","6044922320"
"4334","7783556200"
"4335","6044921751"
"4336","6049363595"
"4337","6049318958"
"4338","7782171189"
"4339","6049177052"
"4340","6049497719"
"4341","6044696526"
"4342","6049317197"
"4343","6049334850"
"4344","7782170278"
"4345","6049369820"
"4346","6049319778"
"4347","6049173233"
"4348","7783551998"
"4349","6049313046"
"4350","6049333686"
"4351","6049344121"
"4352","7785220041"
"4353","6044693579"
"4354","6044613992"
"4355","6049343412"
"4356","6049342054"
"4357","6049392839"
"4358","6049334910"
"4359","6044926248"
"4360","6044691265"
"4361","6049317190"
"4362","6049396532"
"4363","7783559234"
"4364","7782722561"
"4365","7787319985"
"4366","7785222020"
"4367","7782174197"
"4368","6049314258"
"4369","6044929486"
"4370","6049370896"
"4371","7782170991"
"4372","6049398677"
"4373","7785224248"
"4374","7785227599"
"4375","6044693904"
"4376","6044927510"
"4377","6049173960"
"4378","7785225876"
"4379","6049316979"
"4380","6049337244"
"4381","7783550109"
"4382","6044923522"
"4383","6049333993"
"4384","6044925276"
"4385","7787314615"
"4386","7782720407"
"4387","6044619348"
"4388","7787314921"
"4389","7783554141"
"4390","6049316631"
"4391","6044920997"
"4392","7787315848"
"4393","6049371567"
"4394","7787314719"
"4395","6049317260"
"4396","6049368225"
"4397","6049494202"
"4398","6049391232"
"4399","6049311367"
"4400","6049331646"
"4401","6049342115"
"4402","7785229770"
"4403","6049377885"
"4404","7782170476"
"4405","6049170932"
"4406","6044617955"
"4407","6044610880"
"4408","6044690887"
"4409","6049499151"
"4410","7787318728"
"4411","7783555042"
"4412","7787311085"
"4413","6049361422"
"4414","6044690130"
"4415","7783551191"
"4416","7787313344"
"4417","6044690206"
"4418","6049370297"
"4419","7782171813"
"4420","6049371870"
"4421","6049170270"
"4422","7783550151"
"4423","6044920278"
"4424","7785225708"
"4425","6044698756"
"4426","6049366416"
"4427","6049339673"
"4428","7787311154"
"4429","6049332727"
"4430","6049372257"
"4431","6049346587"
"4432","6044924720"
"4433","7782728463"
"4434","6044697947"
"4435","7785227132"
"4436","6049377230"
"4437","7782177942"
"4438","6049316727"
"4439","6049171489"
"4440","6049394701"
"4441","6049391544"
"4442","7783556061"
"4443","6049319606"
"4444","7782173613"
"4445","6049331155"
"4446","6049378754"
"4447","6049368540"
"4448","6044920034"
"4449","6049360678"
"4450","6049392001"
"4451","6049312427"
"4452","6044610242"
"4453","6049172926"
"4454","6049314104"
"4455","6049374761"
"4456","6044924531"
"4457","7787318742"
"4458","7782179347"
"4459","6049490297"
"4460","7783550265"
"4461","7785226648"
"4462","6049399186"
"4463","6049497024"
"4464","6049348240"
"4465","6049341557"
"4466","6049347595"
"4467","6044925367"
"4468","6044699106"
"4469","6049174453"
"4470","6049372528"
"4471","7783556521"
"4472","6049490111"
"4473","7783556298"
"4474","6049368255"
"4475","6049360286"
"4476","7783554014"
"4477","7787315547"
"4478","6049176219"
"4479","7787311526"
"4480","7783554001"
"4481","6049377536"
"4482","6049375688"
"4483","6044925327"
"4484","6044926222"
"4485","6049317969"
"4486","6049172889"
"4487","6049311868"
"4488","7785225587"
"4489","6049397986"
"4490","7782175363"
"4491","6049317521"
"4492","6044929801"
"4493","6049361633"
"4494","6049340182"
"4495","6049336880"
"4496","6044699066"
"4497","6049377975"
"4498","7787311233"
"4499","6049397606"
"4500","6049368136"
"4501","7787311308"
"4502","6044922063"
"4503","6049315889"
"4504","7782177260"
"4505","6044926620"
"4506","6049310205"
"4507","7787311764"
"4508","7783553975"
"4509","6049392663"
"4510","6049369579"
"4511","7787311262"
"4512","7782171347"
"4513","6044928624"
"4514","6049491312"
"4515","6049340892"
"4516","6049332284"
"4517","6049364616"
"4518","7787317678"
"4519","7783553643"
"4520","6049391077"
"4521","6049492725"
"4522","6049331387"
"4523","6049316341"
"4524","6044616618"
"4525","6044614175"
"4526","6049369383"
"4527","7782175508"
"4528","7787310076"
"4529","7787314646"
"4530","6049360127"
"4531","7782727402"
"4532","6049342332"
"4533","7782727472"
"4534","6049377645"
"4535","6049315532"
"4536","6044699368"
"4537","6049398564"
"4538","6044694519"
"4539","6049499913"
"4540","6044613926"
"4541","6049494187"
"4542","6049378791"
"4543","6049393208"
"4544","7783552240"
"4545","6049393642"
"4546","6044618127"
"4547","7785228368"
"4548","6049368059"
"4549","7782173603"
"4550","7783553627"
"4551","6044618961"
"4552","7783554904"
"4553","6044617873"
"4554","6049374564"
"4555","7785224047"
"4556","6049316309"
"4557","6049371134"
"4558","7782727553"
"4559","6049314129"
"4560","6049313278"
"4561","6049361705"
"4562","7783556775"
"4563","6049375125"
"4564","6044695187"
"4565","6049397318"
"4566","6049341697"
"4567","6049177327"
"4568","7782171229"
"4569","7782720131"
"4570","6044924037"
"4571","6049372924"
"4572","6044690409"
"4573","6049178366"
"4574","6049490953"
"4575","6044696542"
"4576","6049179433"
"4577","7782175215"
"4578","7787310753"
"4579","7782728285"
"4580","6049174828"
"4581","6049390514"
"4582","6044616319"
"4583","6049337175"
"4584","6049175499"
"4585","7782720377"
"4586","6049370452"
"4587","6049340206"
"4588","6049374355"
"4589","7782175367"
"4590","6049344172"
"4591","6049362205"
"4592","7782729571"
"4593","6044692919"
"4594","6049375196"
"4595","7785229140"
"4596","6049496762"
"4597","6049496618"
"4598","6049379486"
"4599","6049374268"
"4600","7782178221"
"4601","6049178717"
"4602","6049395265"
"4603","6049492892"
"4604","6044693922"
"4605","7782727014"
"4606","6049360015"
"4607","6049315054"
"4608","7782178316"
"4609","7782170660"
"4610","6049392190"
"4611","7785228827"
"4612","7783556647"
"4613","6049344151"
"4614","7787315525"
"4615","6044692016"
"4616","6049339926"
"4617","6049342975"
"4618","6049343183"
"4619","7783555248"
"4620","6049374941"
"4621","6049344107"
"4622","6049367380"
"4623","6044615729"
"4624","7782723750"
"4625","6049336027"
"4626","7783556705"
"4627","6049172841"
"4628","6044690192"
"4629","6049492714"
"4630","6044615853"
"4631","7782176854"
"4632","6049370540"
"4633","7783550394"
"4634","6049365017"
"4635","6049494023"
"4636","6049375583"
"4637","6049360505"
"4638","7785220252"
"4639","7782721843"
"4640","7782722558"
"4641","6049173144"
"4642","6049490572"
"4643","7783557438"
"4644","7783553405"
"4645","7785229406"
"4646","6049342753"
"4647","6044927527"
"4648","6049366545"
"4649","6049396601"
"4650","7787312363"
"4651","7782171870"
"4652","6044613042"
"4653","6049391258"
"4654","6044699351"
"4655","7785224091"
"4656","6049396248"
"4657","6049175366"
"4658","6049338721"
"4659","7782721777"
"4660","6044694133"
"4661","6044699823"
"4662","6044691642"
"4663","7787314396"
"4664","6049398594"
"4665","6049399687"
"4666","6049310488"
"4667","6044691890"
"4668","6044613654"
"4669","6049177190"
"4670","7783550295"
"4671","6049317788"
"4672","7782179527"
"4673","6049336724"
"4674","6049365775"
"4675","6044921575"
"4676","6049372047"
"4677","7783554401"
"4678","7787313856"
"4679","6049331779"
"4680","7782724040"
"4681","6044692704"
"4682","7783558956"
"4683","6049372329"
"4684","7785224808"
"4685","6044927586"
"4686","6049330622"
"4687","6049332160"
"4688","7782173333"
"4689","7782721687"
"4690","7785224525"
"4691","6049173475"
"4692","7783558348"
"4693","6049347372"
"4694","6049497368"
"4695","6049335229"
"4696","7783558088"
"4697","6049316925"
"4698","7785228841"
"4699","7782170622"
"4700","6049170422"
"4701","6049348540"
"4702","7787311324"
"4703","6044699250"
"4704","7787314050"
"4705","6044924640"
"4706","6049361467"
"4707","7787315576"
"4708","7783551779"
"4709","6049360202"
"4710","6049314658"
"4711","6049499533"
"4712","6044698081"
"4713","7783553436"
"4714","6049178974"
"4715","7787318320"
"4716","6049364986"
"4717","7787310478"
"4718","7783555129"
"4719","6049372629"
"4720","7782179456"
"4721","6049498735"
"4722","7782176879"
"4723","6049347500"
"4724","6049367166"
"4725","6049376147"
"4726","6049371593"
"4727","7782727599"
"4728","7782170552"
"4729","6049364149"
"4730","6049311408"
"4731","6049498507"
"4732","6044921001"
"4733","6049493670"
"4734","7783556630"
"4735","6049319811"
"4736","7782725404"
"4737","6049375636"
"4738","7783556918"
"4739","6049347879"
"4740","7783557485"
"4741","6049373538"
"4742","6049319023"
"4743","6049499813"
"4744","6049318641"
"4745","7782728095"
"4746","6049378030"
"4747","6049396283"
"4748","6049314696"
"4749","6049171841"
"4750","6044696603"
"4751","6049373616"
"4752","6049495366"
"4753","6049364653"
"4754","6049390866"
"4755","6049395677"
"4756","7782172460"
"4757","7782727140"
"4758","6049335947"
"4759","6044926511"
"4760","6049363937"
"4761","6049346216"
"4762","6049491386"
"4763","6049170752"
"4764","7782720716"
"4765","7787317430"
"4766","6049378986"
"4767","6049340256"
"4768","6044613005"
"4769","6049330461"
"4770","6049398610"
"4771","6049496395"
"4772","7782174147"
"4773","6044690876"
"4774","7785224955"
"4775","6049396290"
"4776","7782172092"
"4777","6049348521"
"4778","6049319794"
"4779","6049314574"
"4780","6049361218"
"4781","6049349828"
"4782","6049377322"
"4783","7787312932"
"4784","6044921610"
"4785","6044924350"
"4786","6049376507"
"4787","6049373348"
"4788","6049360866"
"4789","6049361621"
"4790","6044924912"
"4791","6049492850"
"4792","7787319887"
"4793","6049396951"
"4794","6049370584"
"4795","7785223225"
"4796","6049316440"
"4797","6044928447"
"4798","7787319092"
"4799","6049497476"
"4800","6049397431"
"4801","6049491832"
"4802","6049363377"
"4803","6049310539"
"4804","6049340020"
"4805","7787315960"
"4806","6044693845"
"4807","6044691354"
"4808","6049319649"
"4809","6049313764"
"4810","6049362259"
"4811","6044615572"
"4812","6049371949"
"4813","6049335457"
"4814","6044692771"
"4815","6049342959"
"4816","7787314858"
"4817","7782171285"
"4818","6049390730"
"4819","6049491134"
"4820","7783551714"
"4821","6049311008"
"4822","6044925960"
"4823","6049313687"
"4824","7785221099"
"4825","6044921689"
"4826","7782178095"
"4827","6044611687"
"4828","6044617854"
"4829","6049172943"
"4830","7785228806"
"4831","6049179512"
"4832","6049492822"
"4833","6049368452"
"4834","6049314982"
"4835","6049375345"
"4836","7783559245"
"4837","6049377257"
"4838","6049363696"
"4839","7782727540"
"4840","7785225803"
"4841","6049396870"
"4842","6049379420"
"4843","6044695784"
"4844","6044698907"
"4845","6049316940"
"4846","7782172147"
"4847","6044695508"
"4848","7785221541"
"4849","6044617000"
"4850","6049174550"
"4851","6049174432"
"4852","6049338152"
"4853","7782723554"
"4854","6049173158"
"4855","6044615898"
"4856","6049396547"
"4857","6044610019"
"4858","6049363636"
"4859","6049335669"
"4860","6049172078"
"4861","6049370532"
"4862","6044695397"
"4863","6049493652"
"4864","7785227104"
"4865","6049398419"
"4866","6049335760"
"4867","6044696946"
"4868","6044928670"
"4869","7782721608"
"4870","6049368488"
"4871","7783551529"
"4872","7787313615"
"4873","7782173810"
"4874","6044695834"
"4875","7782722751"
"4876","6049312556"
"4877","7782725566"
"4878","7783557981"
"4879","6044690680"
"4880","6044614643"
"4881","6049314147"
"4882","6044615288"
"4883","6044692312"
"4884","6049177813"
"4885","6044610831"
"4886","6049362911"
"4887","6049396792"
"4888","7783558973"
"4889","6049171130"
"4890","7782177545"
"4891","6049492790"
"4892","6049172151"
"4893","7787315894"
"4894","7782721318"
"4895","6049498594"
"4896","6044922605"
"4897","6049338124"
"4898","6049312007"
"4899","6044616078"
"4900","6049340612"
"4901","6049375174"
"4902","7782178804"
"4903","7785228840"
"4904","6044927368"
"4905","7782721582"
"4906","6049495064"
"4907","6049170887"
"4908","6049362726"
"4909","6049379289"
"4910","7783557316"
"4911","6049349487"
"4912","6049393467"
"4913","6049310096"
"4914","6044928131"
"4915","6049310843"
"4916","7782722671"
"4917","6049176633"
"4918","7782179013"
"4919","7785226923"
"4920","6044699544"
"4921","6044697008"
"4922","6049379806"
"4923","6044696857"
"4924","6049379923"
"4925","7783553646"
"4926","7782172862"
"4927","6049373291"
"4928","6049364697"
"4929","6044613783"
"4930","7787316386"
"4931","6044926474"
"4932","6049378525"
"4933","7782171210"
"4934","6049366658"
"4935","6049367365"
"4936","6049334538"
"4937","6049393626"
"4938","6044693305"
"4939","6049346623"
"4940","6049497821"
"4941","7782179750"
"4942","6049377481"
"4943","7782179451"
"4944","6049362179"
"4945","6044610410"
"4946","7787315065"
"4947","7785220624"
"4948","6044926913"
"4949","6049369607"
"4950","7783559969"
"4951","6049361345"
"4952","6044612339"
"4953","7783552789"
"4954","7783556013"
"4955","7783554437"
"4956","6044924231"
"4957","6049394732"
"4958","6049312559"
"4959","7782177012"
"4960","7783559918"
"4961","7785222706"
"4962","6044696720"
"4963","6049331254"
"4964","6049173608"
"4965","6049496746"
"4966","6044614151"
"4967","6049330468"
"4968","6049399818"
"4969","6049395688"
"4970","6049361841"
"4971","7782724197"
"4972","6044691726"
"4973","6044617703"
"4974","6049332561"
"4975","6049319406"
"4976","6044613835"
"4977","6049364557"
"4978","6049316591"
"4979","6049177226"
"4980","6049314856"
"4981","6049341100"
"4982","6044698410"
"4983","6049370138"
"4984","6044619935"
"4985","6044618835"
"4986","6049499076"
"4987","6049393030"
"4988","6049495603"
"4989","6049173286"
"4990","6044617092"
"4991","6044618111"
"4992","6049399676"
"4993","6049172245"
"4994","6049343210"
"4995","6044921241"
"4996","6044691065"
"4997","7783559521"
"4998","6044696667"
"4999","6049312543"
"5000","7783550949"
"5001","7787312328"
"5002","6049371248"
"5003","7783552578"
"5004","6049378546"
"5005","7785229319"
"5006","7782729162"
"5007","6049311019"
"5008","7783558381"
"5009","6049344608"
"5010","7783555830"
"5011","6049371354"
"5012","6049390987"
"5013","7787310168"
"5014","6049396858"
"5015","7783556683"
"5016","6049361913"
"5017","7782176369"
"5018","6049318770"
"5019","6044618519"
"5020","7782725104"
"5021","6049368210"
"5022","6049376987"
"5023","7785227375"
"5024","7783555732"
"5025","7787310000"
"5026","6044923717"
"5027","6049366945"
"5028","7785220480"
"5029","7787317040"
"5030","6049332046"
"5031","6044922020"
"5032","6044929698"
"5033","7783552961"
"5034","6049314230"
"5035","6049174427"
"5036","6044920776"
"5037","6044920102"
"5038","6044614453"
"5039","6044927657"
"5040","6049490758"
"5041","6044615780"
"5042","6049370457"
"5043","7785221347"
"5044","6049490865"
"5045","6044615962"
"5046","6049374617"
"5047","6049310352"
"5048","6049335035"
"5049","6044612961"
"5050","6049491346"
"5051","7787318270"
"5052","6049173360"
"5053","6049332055"
"5054","7782172600"
"5055","7785224604"
"5056","7785226809"
"5057","6049363031"
"5058","6049395654"
"5059","6049373729"
"5060","6044695270"
"5061","7787318575"
"5062","6049390498"
"5063","6049363662"
"5064","6049393729"
"5065","6049339057"
"5066","7785226294"
"5067","7782170525"
"5068","6049393689"
"5069","6049317640"
"5070","6049318288"
"5071","7785222179"
"5072","6044929898"
"5073","6049360822"
"5074","7783556940"
"5075","6044619384"
"5076","6049391889"
"5077","6044928132"
"5078","6049173583"
"5079","7782179636"
"5080","6049314354"
"5081","6049369414"
"5082","6044618321"
"5083","6049170629"
"5084","6049319361"
"5085","6044924941"
"5086","6049493434"
"5087","7787315062"
"5088","6044697464"
"5089","6049334104"
"5090","6049367265"
"5091","6049396748"
"5092","6044690807"
"5093","7787313282"
"5094","6049340139"
"5095","6049390720"
"5096","7782172056"
"5097","6044611940"
"5098","6049342127"
"5099","7782722031"
"5100","6049372012"
"5101","6049173200"
"5102","7785221738"
"5103","6049312077"
"5104","6049171620"
"5105","7783552170"
"5106","6049492437"
"5107","7783551682"
"5108","7785221851"
"5109","7782173869"
"5110","6049311138"
"5111","6044692662"
"5112","6044612002"
"5113","6049316559"
"5114","6049361794"
"5115","6044610017"
"5116","6049310145"
"5117","6049331666"
"5118","7785224496"
"5119","6044695411"
"5120","6049313633"
"5121","6049331661"
"5122","7783553656"
"5123","6044694339"
"5124","7782176531"
"5125","7782729099"
"5126","6044618463"
"5127","6044921149"
"5128","6049399394"
"5129","7785223898"
"5130","6049178513"
"5131","6044697408"
"5132","7782175545"
"5133","7785220351"
"5134","6049312961"
"5135","7785223742"
"5136","6049399471"
"5137","7787318196"
"5138","6044927752"
"5139","6049173815"
"5140","6049392776"
"5141","7783550278"
"5142","6049491639"
"5143","6044926867"
"5144","7782721797"
"5145","6049379175"
"5146","6044926576"
"5147","7785227733"
"5148","6049397890"
"5149","6049349853"
"5150","6049317208"
"5151","6044611905"
"5152","6049336826"
"5153","6044921078"
"5154","7785224631"
"5155","6049337304"
"5156","6044923867"
"5157","7782171216"
"5158","6049396602"
"5159","6049370655"
"5160","6049313663"
"5161","6044616812"
"5162","6049330988"
"5163","6049341285"
"5164","7782724859"
"5165","7782728821"
"5166","6049497607"
"5167","7787311617"
"5168","6049317155"
"5169","6049393874"
"5170","7783555014"
"5171","6044922362"
"5172","6049171282"
"5173","7783550078"
"5174","6049177418"
"5175","7782173209"
"5176","6049319054"
"5177","6049360765"
"5178","7783553690"
"5179","6049331542"
"5180","6044695436"
"5181","6049343790"
"5182","6049345809"
"5183","7783557102"
"5184","6044613615"
"5185","6049379426"
"5186","6044921694"
"5187","6049392208"
"5188","6044691827"
"5189","7782725997"
"5190","6049494352"
"5191","7785226891"
"5192","6044923358"
"5193","6049374972"
"5194","6049390886"
"5195","7785221113"
"5196","6049334018"
"5197","6044615008"
"5198","6044691179"
"5199","6049367424"
"5200","6044615691"
"5201","6044697547"
"5202","6044616973"
"5203","6049344042"
"5204","6049379333"
"5205","6044618374"
"5206","7783553875"
"5207","6044615894"
"5208","6044619933"
"5209","6044690496"
"5210","7785223136"
"5211","6049496433"
"5212","7782724723"
"5213","6049348194"
"5214","6044924442"
"5215","6049363163"
"5216","6044928548"
"5217","6049491147"
"5218","6049331707"
"5219","6044611600"
"5220","6049334725"
"5221","7783553901"
"5222","7782727645"
"5223","6049378867"
"5224","6044693042"
"5225","7782728774"
"5226","6049318365"
"5227","6049392950"
"5228","6049343387"
"5229","6049341862"
"5230","6049332948"
"5231","6049318608"
"5232","7787310877"
"5233","7782176125"
"5234","7782720212"
"5235","6049175762"
"5236","7782170713"
"5237","6049396025"
"5238","7782724429"
"5239","6049178986"
"5240","6049316865"
"5241","6049496801"
"5242","6044692973"
"5243","6049492436"
"5244","6049314745"
"5245","6044614413"
"5246","7782178797"
"5247","6049366031"
"5248","7782729923"
"5249","6044694534"
"5250","6044610160"
"5251","6049339765"
"5252","6044619862"
"5253","7783552144"
"5254","6049316625"
"5255","7782171453"
"5256","7782178610"
"5257","6049171203"
"5258","7782726595"
"5259","6044694076"
"5260","7783557871"
"5261","7782725408"
"5262","7785221064"
"5263","7783555563"
"5264","6044698512"
"5265","6049310928"
"5266","6049177217"
"5267","7783555202"
"5268","7783552687"
"5269","6044922927"
"5270","6049171373"
"5271","7787318795"
"5272","7787312729"
"5273","6044693594"
"5274","6044695777"
"5275","6044614154"
"5276","6049338718"
"5277","6044692810"
"5278","6049315123"
"5279","6049372753"
"5280","6049494678"
"5281","6049345133"
"5282","7787317668"
"5283","6049341135"
"5284","6049313144"
"5285","7782720481"
"5286","6049390062"
"5287","6044695804"
"5288","7785220469"
"5289","7782722909"
"5290","7782171774"
"5291","7785220876"
"5292","6049492286"
"5293","7783551769"
"5294","7785228580"
"5295","6049340021"
"5296","6044611474"
"5297","6049311500"
"5298","7782728575"
"5299","7787313863"
"5300","7787311314"
"5301","7787317564"
"5302","6044928403"
"5303","6049172160"
"5304","6049315937"
"5305","6049315868"
"5306","6044611760"
"5307","6044921577"
"5308","7782173946"
"5309","6049333204"
"5310","6049340598"
"5311","6049346843"
"5312","6044612734"
"5313","7787317673"
"5314","7785221260"
"5315","6044613700"
"5316","6049171518"
"5317","7782173749"
"5318","6049172656"
"5319","7782173039"
"5320","7782178387"
"5321","7782721837"
"5322","7782176713"
"5323","6049311716"
"5324","6049364740"
"5325","7785229868"
"5326","6049331625"
"5327","6049178090"
"5328","7782724745"
"5329","6049371498"
"5330","7782727342"
"5331","7787316091"
"5332","6044611066"
"5333","7782171234"
"5334","7787315138"
"5335","6049317497"
"5336","6049315990"
"5337","7785226615"
"5338","7782728542"
"5339","7782173982"
"5340","6049492147"
"5341","6044695431"
"5342","6049494362"
"5343","6049332036"
"5344","6044697134"
"5345","6044697972"
"5346","6049316158"
"5347","6044920021"
"5348","6049377004"
"5349","7782173550"
"5350","6049310249"
"5351","7782174700"
"5352","6049170981"
"5353","6044926026"
"5354","6049367003"
"5355","7785220054"
"5356","6044613395"
"5357","7783551310"
"5358","6044618700"
"5359","7785229694"
"5360","7787313851"
"5361","6049366696"
"5362","6049346072"
"5363","6044697917"
"5364","6044693599"
"5365","6049377196"
"5366","7783552105"
"5367","6049315980"
"5368","7783555796"
"5369","6049394496"
"5370","6049498960"
"5371","6049330808"
"5372","6049170112"
"5373","7783555093"
"5374","6044928097"
"5375","7785220165"
"5376","7787319491"
"5377","6044694497"
"5378","6049368250"
"5379","6044617075"
"5380","7783556223"
"5381","6044690585"
"5382","7782722864"
"5383","6044927337"
"5384","6049174030"
"5385","6049316280"
"5386","6049333226"
"5387","6049362396"
"5388","6049360557"
"5389","7782720721"
"5390","7785227642"
"5391","6049366318"
"5392","6044926049"
"5393","6044925158"
"5394","7782723872"
"5395","6049372979"
"5396","6049373650"
"5397","6049499461"
"5398","6049498014"
"5399","6049311088"
"5400","6049344354"
"5401","6049334270"
"5402","6049399881"
"5403","6049494819"
"5404","7782171764"
"5405","6044616201"
"5406","6049368594"
"5407","6049338627"
"5408","6044925977"
"5409","6049178182"
"5410","7785228905"
"5411","7783551279"
"5412","6049496176"
"5413","7785222316"
"5414","7787315140"
"5415","6049314260"
"5416","6044615568"
"5417","6049377413"
"5418","7785226189"
"5419","7787316990"
"5420","6049368669"
"5421","6044618702"
"5422","6044690314"
"5423","7782727368"
"5424","7782726228"
"5425","7782728558"
"5426","7783559660"
"5427","6049366215"
"5428","6049345953"
"5429","7787311054"
"5430","7783553783"
"5431","6044614624"
"5432","6049336704"
"5433","7787314125"
"5434","7783555723"
"5435","7787310639"
"5436","7782176298"
"5437","6049310494"
"5438","6049313637"
"5439","6049337876"
"5440","6049491631"
"5441","6049491343"
"5442","6049319748"
"5443","6049343938"
"5444","6049364336"
"5445","7785220336"
"5446","6049331631"
"5447","6049343051"
"5448","6049170523"
"5449","6049490804"
"5450","6049330593"
"5451","6049339131"
"5452","6049379164"
"5453","7785224736"
"5454","6049344378"
"5455","6049179649"
"5456","6049368966"
"5457","7782728029"
"5458","6044617068"
"5459","7783558605"
"5460","7783553544"
"5461","7782171997"
"5462","7782723082"
"5463","7783558324"
"5464","6044692418"
"5465","7787311964"
"5466","6049372992"
"5467","6044610613"
"5468","6049378980"
"5469","6044927963"
"5470","6044694917"
"5471","6044614437"
"5472","7787319708"
"5473","6049368052"
"5474","6049499910"
"5475","6049172222"
"5476","6044612115"
"5477","6049378728"
"5478","6049339157"
"5479","6049334425"
"5480","7782725675"
"5481","6049360834"
"5482","6049314948"
"5483","7782721588"
"5484","7782721165"
"5485","6044612815"
"5486","7783556079"
"5487","7782720329"
"5488","6049335635"
"5489","6049344977"
"5490","7782177141"
"5491","6049367606"
"5492","7782720508"
"5493","6049338853"
"5494","6049343650"
"5495","7783554200"
"5496","6049378545"
"5497","6044611179"
"5498","7787314380"
"5499","6049393496"
"5500","7782178339"
"5501","7783558192"
"5502","7782726789"
"5503","6049494776"
"5504","7782727355"
"5505","6049176201"
"5506","6049373799"
"5507","6044922432"
"5508","6049342736"
"5509","7783551844"
"5510","6044921376"
"5511","7783555438"
"5512","6049494568"
"5513","6049494923"
"5514","7783557185"
"5515","6049173595"
"5516","6049331624"
"5517","6049170349"
"5518","7782173843"
"5519","7783554256"
"5520","6049362958"
"5521","7785222612"
"5522","7787310733"
"5523","6049341972"
"5524","7782726869"
"5525","6049368113"
"5526","6049398929"
"5527","7783555753"
"5528","6049319022"
"5529","6044613762"
"5530","6044924274"
"5531","7783552141"
"5532","6044696183"
"5533","7782178163"
"5534","6049173981"
"5535","7785220000"
"5536","7785226572"
"5537","6049336149"
"5538","6044697375"
"5539","6049313861"
"5540","7782722738"
"5541","6049331110"
"5542","7785223017"
"5543","7783551110"
"5544","7782174262"
"5545","7782729359"
"5546","6049497314"
"5547","6049379786"
"5548","7783556818"
"5549","6044923405"
"5550","6049374562"
"5551","6044699561"
"5552","6044926773"
"5553","6049490182"
"5554","6044691661"
"5555","6049393890"
"5556","6044613362"
"5557","6049330943"
"5558","6044929962"
"5559","7783558807"
"5560","6049336701"
"5561","7787310755"
"5562","7787313994"
"5563","6049173261"
"5564","6049378223"
"5565","7782174867"
"5566","7782179200"
"5567","7787314178"
"5568","6049339311"
"5569","6044617319"
"5570","6044613827"
"5571","7785220622"
"5572","6049174890"
"5573","6049318432"
"5574","6049367904"
"5575","6049498490"
"5576","6049398611"
"5577","6044618460"
"5578","7782727981"
"5579","6049395838"
"5580","7782174837"
"5581","7782177782"
"5582","6044690252"
"5583","7787319420"
"5584","7782728769"
"5585","6049496223"
"5586","7782174400"
"5587","6049349604"
"5588","6049318164"
"5589","6049369599"
"5590","7785225863"
"5591","7782720260"
"5592","7782725630"
"5593","7782727843"
"5594","6049176116"
"5595","6049346160"
"5596","7782170594"
"5597","6049495640"
"5598","6044929340"
"5599","6049495652"
"5600","6049332459"
"5601","6044618058"
"5602","7783556080"
"5603","6049340533"
"5604","6049341989"
"5605","6044617136"
"5606","6049499209"
"5607","7783556266"
"5608","6049340278"
"5609","6044928589"
"5610","6049379895"
"5611","6049364752"
"5612","6049390802"
"5613","6044618572"
"5614","6044617656"
"5615","6049345297"
"5616","6044696980"
"5617","6049179030"
"5618","6049370923"
"5619","6049494799"
"5620","6049396164"
"5621","7787315217"
"5622","6049310123"
"5623","7787317936"
"5624","6044921197"
"5625","7782176992"
"5626","6049313907"
"5627","6049341748"
"5628","6049399795"
"5629","7782727134"
"5630","6044691205"
"5631","7783553192"
"5632","6049342302"
"5633","6049175502"
"5634","7785222560"
"5635","6049390883"
"5636","6049498236"
"5637","7787317884"
"5638","7782720327"
"5639","6049395612"
"5640","6044692678"
"5641","7785220555"
"5642","6044611889"
"5643","6044699747"
"5644","6049492243"
"5645","6044693692"
"5646","6044612618"
"5647","6044922072"
"5648","7787319546"
"5649","6049311452"
"5650","6049172012"
"5651","6049397494"
"5652","6044924894"
"5653","6049364918"
"5654","7782722356"
"5655","6044691934"
"5656","7782179194"
"5657","7782720458"
"5658","6044692799"
"5659","7782726610"
"5660","7785220570"
"5661","6044694472"
"5662","6049172982"
"5663","6049372006"
"5664","6049364659"
"5665","6049498558"
"5666","7782170508"
"5667","6049347557"
"5668","6044928729"
"5669","6049494489"
"5670","6044692026"
"5671","7783554281"
"5672","6049344751"
"5673","7782172251"
"5674","6049347865"
"5675","6044691842"
"5676","7787312396"
"5677","7783550763"
"5678","6049346630"
"5679","6044924568"
"5680","7787316513"
"5681","6044693172"
"5682","6044695208"
"5683","7782176789"
"5684","6044619082"
"5685","6049378843"
"5686","6049367288"
"5687","6044615059"
"5688","6049493898"
"5689","6049334279"
"5690","6049396455"
"5691","6044618083"
"5692","7782726794"
"5693","6049379201"
"5694","7782721041"
"5695","7782176166"
"5696","7785224141"
"5697","6044699493"
"5698","6049371333"
"5699","6049493734"
"5700","6049340138"
"5701","6049492047"
"5702","7787313525"
"5703","6044690212"
"5704","6049174578"
"5705","6049370739"
"5706","7785221643"
"5707","6049344116"
"5708","6044694239"
"5709","6049398098"
"5710","7782727311"
"5711","6049330436"
"5712","6049391617"
"5713","6044616002"
"5714","6049361836"
"5715","6044611754"
"5716","6049397992"
"5717","6049360609"
"5718","6049495412"
"5719","6049313438"
"5720","7787317625"
"5721","7787315504"
"5722","6049363505"
"5723","6044697574"
"5724","6049377020"
"5725","7783558799"
"5726","7787315959"
"5727","7783555472"
"5728","6049496851"
"5729","6049369539"
"5730","6049498745"
"5731","6049348742"
"5732","7782727019"
"5733","6049331966"
"5734","7785226322"
"5735","6049317609"
"5736","7782725472"
"5737","6049317587"
"5738","7782727807"
"5739","6049313323"
"5740","6049349213"
"5741","7785224637"
"5742","6049496823"
"5743","6044926977"
"5744","6049495906"
"5745","6049369068"
"5746","7782728960"
"5747","7782174565"
"5748","7787317843"
"5749","7782177948"
"5750","7787310694"
"5751","7785226893"
"5752","6049377497"
"5753","6049362648"
"5754","7782179350"
"5755","6044693628"
"5756","6049330556"
"5757","6049179988"
"5758","6044691389"
"5759","6044613617"
"5760","7782728332"
"5761","6049318917"
"5762","6044929289"
"5763","7785221167"
"5764","6044690661"
"5765","7782722580"
"5766","6044924117"
"5767","7782172168"
"5768","6049344455"
"5769","6044693412"
"5770","7785226465"
"5771","6049393100"
"5772","6049394705"
"5773","6044926709"
"5774","7782177215"
"5775","7782173931"
"5776","7783557894"
"5777","6049311869"
"5778","6044923705"
"5779","7783557502"
"5780","7782177315"
"5781","7783550697"
"5782","7785224678"
"5783","6049499833"
"5784","6044691952"
"5785","7782172640"
"5786","7782172604"
"5787","7787312682"
"5788","6044697971"
"5789","6049314884"
"5790","6049374086"
"5791","6049346045"
"5792","7783552392"
"5793","6049371427"
"5794","6044611562"
"5795","6049344869"
"5796","6049341092"
"5797","6044923666"
"5798","6049343350"
"5799","6044693127"
"5800","6049368662"
"5801","6049318984"
"5802","7782722419"
"5803","6049315847"
"5804","6049318654"
"5805","6049491599"
"5806","6049317354"
"5807","6044928416"
"5808","6049316819"
"5809","6044697019"
"5810","6044610559"
"5811","6049319994"
"5812","6044693459"
"5813","7783550521"
"5814","7787314108"
"5815","7787311794"
"5816","7782721100"
"5817","7785221680"
"5818","7782172233"
"5819","7783553537"
"5820","6049337532"
"5821","6049349511"
"5822","6049379208"
"5823","7785229679"
"5824","6049394574"
"5825","6044619336"
"5826","6049499247"
"5827","6049341658"
"5828","6049378253"
"5829","6044921165"
"5830","6049369056"
"5831","6049362423"
"5832","6044617338"
"5833","7787318195"
"5834","6049349886"
"5835","6049396180"
"5836","6044611305"
"5837","6049375032"
"5838","6044618451"
"5839","6049346991"
"5840","7782177945"
"5841","6049330610"
"5842","6044617343"
"5843","6049315598"
"5844","6049395183"
"5845","7785225285"
"5846","6049361074"
"5847","6049364601"
"5848","7787310404"
"5849","6049360689"
"5850","7787314081"
"5851","7782175284"
"5852","6044927141"
"5853","6049363275"
"5854","7787319304"
"5855","7782727793"
"5856","6049332998"
"5857","6049349970"
"5858","6044619557"
"5859","6049172416"
"5860","6049372406"
"5861","6044699843"
"5862","7783550312"
"5863","7783556163"
"5864","6049178995"
"5865","6044618768"
"5866","7785227577"
"5867","6049344616"
"5868","7785223927"
"5869","6044690328"
"5870","6049315935"
"5871","7787310874"
"5872","7782725315"
"5873","6049379473"
"5874","6049373350"
"5875","6049491365"
"5876","6049344094"
"5877","6044697063"
"5878","6049178617"
"5879","6044618119"
"5880","6049492844"
"5881","6049498029"
"5882","6049375303"
"5883","6044691785"
"5884","6049170159"
"5885","6044612354"
"5886","7787313309"
"5887","6049333850"
"5888","6049391904"
"5889","7783550304"
"5890","6049340751"
"5891","7787310528"
"5892","6049315825"
"5893","7785224639"
"5894","6049377748"
"5895","7782729646"
"5896","7782173025"
"5897","6049343404"
"5898","6049495803"
"5899","7782726345"
"5900","6049172225"
"5901","7783550803"
"5902","6049174263"
"5903","7782722505"
"5904","6049369685"
"5905","6044615936"
"5906","7787315510"
"5907","7782179982"
"5908","6049310228"
"5909","7782725636"
"5910","7785223460"
"5911","6049376164"
"5912","6049365746"
"5913","6049179003"
"5914","6049394674"
"5915","6049178029"
"5916","6049311011"
"5917","6044920698"
"5918","6049345586"
"5919","6044925053"
"5920","6049310045"
"5921","6049317804"
"5922","6049316806"
"5923","6044924606"
"5924","6049346661"
"5925","6049318418"
"5926","7785225780"
"5927","6049363193"
"5928","6044697627"
"5929","6049397897"
"5930","6049331917"
"5931","7782727408"
"5932","6044923019"
"5933","7783550505"
"5934","7787319290"
"5935","6044615250"
"5936","6049494882"
"5937","7787314534"
"5938","6049333868"
"5939","6049379326"
"5940","6044928795"
"5941","6049363178"
"5942","7782175999"
"5943","7782729677"
"5944","6049372345"
"5945","6044920784"
"5946","6044616474"
"5947","6049361724"
"5948","7782726494"
"5949","6049495745"
"5950","7787311195"
"5951","6049316905"
"5952","6044616046"
"5953","7787318945"
"5954","6049311594"
"5955","6049492869"
"5956","6049337608"
"5957","6049395332"
"5958","6049377743"
"5959","6049499329"
"5960","6049493847"
"5961","7782177161"
"5962","6049171314"
"5963","7783558594"
"5964","7787318558"
"5965","7787311075"
"5966","6044697646"
"5967","6049172944"
"5968","7783550357"
"5969","7782179954"
"5970","6049319036"
"5971","7782175741"
"5972","6044690143"
"5973","7783552657"
"5974","6044614862"
"5975","6049498502"
"5976","7782179867"
"5977","6049360133"
"5978","7787313778"
"5979","7782173545"
"5980","6049331774"
"5981","7782175848"
"5982","6049367437"
"5983","7787315838"
"5984","6044921087"
"5985","6044617478"
"5986","6044696250"
"5987","7787314674"
"5988","7783557684"
"5989","6049171288"
"5990","7785228129"
"5991","6044616946"
"5992","6044692411"
"5993","7782724894"
"5994","7787313174"
"5995","7783559615"
"5996","7785226848"
"5997","7782174683"
"5998","6049313551"
"5999","6049391478"
"6000","7782723115"
"6001","7785227449"
"6002","6049171874"
"6003","6049348374"
"6004","7783553582"
"6005","7787312813"
"6006","6049179736"
"6007","6049366741"
"6008","7783551178"
"6009","6044691487"
"6010","6049316052"
"6011","6044693470"
"6012","7785221889"
"6013","6044697415"
"6014","7783555602"
"6015","6049341793"
"6016","7785227761"
"6017","6049497569"
"6018","6049339518"
"6019","6049374057"
"6020","6044699216"
"6021","7787319916"
"6022","6044611939"
"6023","6049360338"
"6024","6044616143"
"6025","6044929692"
"6026","6049315144"
"6027","7787319468"
"6028","6049318072"
"6029","7782177192"
"6030","6049343500"
"6031","6049370451"
"6032","6049170870"
"6033","6049344278"
"6034","6049369471"
"6035","6049364873"
"6036","7787313360"
"6037","7782724279"
"6038","7783555077"
"6039","6044614634"
"6040","7785223943"
"6041","6049331186"
"6042","6049495307"
"6043","6044922788"
"6044","6044612966"
"6045","7785220946"
"6046","6049497664"
"6047","6049395191"
"6048","7785227345"
"6049","6049397980"
"6050","7787313153"
"6051","7785220766"
"6052","6049177207"
"6053","6044924390"
"6054","6044921339"
"6055","7787317620"
"6056","6049330306"
"6057","7785222154"
"6058","6049340052"
"6059","7782174436"
"6060","6049316046"
"6061","7787318457"
"6062","6049172489"
"6063","6049174133"
"6064","6049334267"
"6065","6044616112"
"6066","6044618247"
"6067","6049331181"
"6068","6049332410"
"6069","6049490722"
"6070","7782729982"
"6071","6044694023"
"6072","7782723303"
"6073","6049341310"
"6074","6049171283"
"6075","6049363321"
"6076","6049346540"
"6077","7782721915"
"6078","6049337996"
"6079","6049490358"
"6080","7782177183"
"6081","6049312619"
"6082","6049497958"
"6083","7785229779"
"6084","6044690336"
"6085","6049379167"
"6086","6044699129"
"6087","7782723090"
"6088","6049392092"
"6089","7782723946"
"6090","6049349369"
"6091","6049176453"
"6092","7785220077"
"6093","6049394754"
"6094","7782173359"
"6095","6049375456"
"6096","6049334768"
"6097","7782720274"
"6098","6049492081"
"6099","6049177184"
"6100","6049372013"
"6101","6044920283"
"6102","6049375522"
"6103","7782720302"
"6104","7782178990"
"6105","6049493000"
"6106","6049498686"
"6107","6049492280"
"6108","7782726874"
"6109","7783558281"
"6110","6049314876"
"6111","6044925945"
"6112","7783559067"
"6113","6049333651"
"6114","7782726079"
"6115","6044618815"
"6116","6049331812"
"6117","6049343683"
"6118","6044695134"
"6119","6049177366"
"6120","6049391393"
"6121","6049378949"
"6122","6049376932"
"6123","6044692384"
"6124","7787311259"
"6125","6049397375"
"6126","6049347211"
"6127","6044610870"
"6128","7782725068"
"6129","6049314201"
"6130","6049369168"
"6131","7783551678"
"6132","7787310842"
"6133","6049375259"
"6134","6049363701"
"6135","6044691025"
"6136","6049311731"
"6137","6049490966"
"6138","6049495548"
"6139","7783551098"
"6140","6044692319"
"6141","6049316135"
"6142","7787314493"
"6143","6049371745"
"6144","6049345162"
"6145","7783555439"
"6146","6044690662"
"6147","6049375658"
"6148","6049342023"
"6149","7782729808"
"6150","7782177947"
"6151","6049360909"
"6152","7787319266"
"6153","6044699848"
"6154","7782176576"
"6155","6049339386"
"6156","6044611516"
"6157","7782170386"
"6158","6049336952"
"6159","7785227100"
"6160","7783559006"
"6161","6049490558"
"6162","7782720694"
"6163","6049377297"
"6164","6044614263"
"6165","7787314883"
"6166","6044693552"
"6167","6049397741"
"6168","6049335086"
"6169","6049335886"
"6170","6049391465"
"6171","7782727104"
"6172","6049314396"
"6173","6049319893"
"6174","6049337582"
"6175","7782728276"
"6176","6044617137"
"6177","7782721753"
"6178","6049392501"
"6179","7782725451"
"6180","7787313812"
"6181","6049494178"
"6182","6049363396"
"6183","6049376809"
"6184","7783556475"
"6185","7787312193"
"6186","6044613283"
"6187","6049379036"
"6188","6049313883"
"6189","6044611765"
"6190","7782723480"
"6191","7783550205"
"6192","7785225530"
"6193","6049318488"
"6194","6049377299"
"6195","6049377797"
"6196","6044924135"
"6197","6049318372"
"6198","6044618044"
"6199","7782727574"
"6200","7782721185"
"6201","6049315939"
"6202","7782173875"
"6203","7783559318"
"6204","7783557349"
"6205","7782728537"
"6206","6049177670"
"6207","6049319822"
"6208","7783554345"
"6209","6049348575"
"6210","7783550426"
"6211","6049393617"
"6212","6044924737"
"6213","7783559134"
"6214","6049394345"
"6215","6044928848"
"6216","6044618935"
"6217","7787311809"
"6218","7783559352"
"6219","6049361583"
"6220","6049318687"
"6221","7785222343"
"6222","6049179780"
"6223","6049365446"
"6224","6049495275"
"6225","6049363464"
"6226","7787312371"
"6227","6049317137"
"6228","6049316266"
"6229","6049346528"
"6230","7783553954"
"6231","6049171402"
"6232","6049378207"
"6233","7785226099"
"6234","6049317844"
"6235","6044927481"
"6236","6049391225"
"6237","6049492443"
"6238","6044614018"
"6239","7785221776"
"6240","7785220930"
"6241","7783558671"
"6242","6049361502"
"6243","6049499376"
"6244","7783551285"
"6245","6044611086"
"6246","6044695380"
"6247","6049373407"
"6248","6049332328"
"6249","7787315548"
"6250","6049396859"
"6251","7783555677"
"6252","7783559845"
"6253","6044695467"
"6254","6049393899"
"6255","6044611876"
"6256","6049495124"
"6257","6049178101"
"6258","6049390230"
"6259","6049348035"
"6260","7783555778"
"6261","6049347253"
"6262","6044927063"
"6263","7787311147"
"6264","7785220793"
"6265","7782176310"
"6266","6044922718"
"6267","6049178416"
"6268","6049344380"
"6269","6044692167"
"6270","7782727111"
"6271","7782171694"
"6272","7782726234"
"6273","7782171679"
"6274","6049345622"
"6275","6049319404"
"6276","6049331021"
"6277","7787318077"
"6278","6049317882"
"6279","6049341648"
"6280","6044699331"
"6281","6044929843"
"6282","7782173608"
"6283","6049395994"
"6284","6049490405"
"6285","6049316777"
"6286","6049179118"
"6287","6049379362"
"6288","6049340125"
"6289","7785225387"
"6290","6049396369"
"6291","7785223468"
"6292","7782720631"
"6293","6044612227"
"6294","6049364640"
"6295","6049374348"
"6296","6044925063"
"6297","7782720497"
"6298","6049366366"
"6299","7782720359"
"6300","7782171762"
"6301","6049367784"
"6302","6049361193"
"6303","6049330553"
"6304","6049497457"
"6305","6049391733"
"6306","6049340404"
"6307","6049397354"
"6308","6049349683"
"6309","6049398948"
"6310","7782178323"
"6311","7782721698"
"6312","6044928793"
"6313","6049364801"
"6314","6049498069"
"6315","7785223288"
"6316","7783557488"
"6317","6049349411"
"6318","7782723506"
"6319","7787312786"
"6320","6049171381"
"6321","7787313334"
"6322","7783553372"
"6323","7783556586"
"6324","6049375806"
"6325","6049174781"
"6326","7782727890"
"6327","6044925434"
"6328","6049349403"
"6329","6049364981"
"6330","6049347355"
"6331","6049340713"
"6332","6049367590"
"6333","6049361415"
"6334","6049378995"
"6335","7787311114"
"6336","6049178191"
"6337","6049338205"
"6338","7782723349"
"6339","7782178054"
"6340","6049344668"
"6341","6049390117"
"6342","6049367418"
"6343","6049340297"
"6344","6044690174"
"6345","6049493712"
"6346","6049499127"
"6347","6044923089"
"6348","7783551548"
"6349","7785229709"
"6350","7782179511"
"6351","6049390022"
"6352","6049342305"
"6353","6049318428"
"6354","7787319659"
"6355","6044619114"
"6356","7783554975"
"6357","7782179894"
"6358","7782172723"
"6359","6049494813"
"6360","7783551165"
"6361","6044929478"
"6362","6049393430"
"6363","7787313855"
"6364","6049311765"
"6365","6049371090"
"6366","7785225597"
"6367","6049344778"
"6368","6044611268"
"6369","6049313927"
"6370","6044614609"
"6371","7782177284"
"6372","6049374823"
"6373","6049175613"
"6374","7787317593"
"6375","6049398352"
"6376","6044612639"
"6377","6049338983"
"6378","7782722829"
"6379","7782178912"
"6380","7787314634"
"6381","6044924881"
"6382","6049498030"
"6383","7787315932"
"6384","6049313848"
"6385","7787310806"
"6386","6044926344"
"6387","7785223832"
"6388","6049347764"
"6389","6049312612"
"6390","6049177196"
"6391","7787315243"
"6392","6044619354"
"6393","7782179938"
"6394","7782170447"
"6395","6049349224"
"6396","6049311366"
"6397","7783550773"
"6398","6049338958"
"6399","6049315554"
"6400","6049379684"
"6401","6044697845"
"6402","6049316733"
"6403","7782728373"
"6404","6049330147"
"6405","7783552371"
"6406","6049335302"
"6407","6049336049"
"6408","7783559712"
"6409","6049332175"
"6410","6049177958"
"6411","7783553476"
"6412","7787319132"
"6413","6049338059"
"6414","7785226668"
"6415","6049312959"
"6416","6049379834"
"6417","7782725853"
"6418","6049319726"
"6419","7783552122"
"6420","7783551145"
"6421","6044692631"
"6422","6044697828"
"6423","7785229941"
"6424","7785223112"
"6425","6044920980"
"6426","6049339410"
"6427","7782725446"
"6428","7785222292"
"6429","7782174790"
"6430","7783559406"
"6431","6049390905"
"6432","6049317612"
"6433","7782171067"
"6434","6049313718"
"6435","6044618000"
"6436","6044923233"
"6437","6049340457"
"6438","6049399313"
"6439","6044925349"
"6440","7782722833"
"6441","6049342924"
"6442","6049372683"
"6443","6044613535"
"6444","7787312680"
"6445","6044616017"
"6446","6049377621"
"6447","6044690515"
"6448","6049490337"
"6449","6044616032"
"6450","6044612545"
"6451","6049311823"
"6452","6044690568"
"6453","6049341405"
"6454","7787319464"
"6455","6049390458"
"6456","7785225776"
"6457","6049343449"
"6458","6044925018"
"6459","6044693638"
"6460","6044922505"
"6461","7785223318"
"6462","7783553642"
"6463","7787315806"
"6464","6049178108"
"6465","7782178296"
"6466","6049376009"
"6467","6044928706"
"6468","6049177910"
"6469","7787314295"
"6470","6049319747"
"6471","7787313603"
"6472","7785228191"
"6473","6044612486"
"6474","6044618567"
"6475","7782177679"
"6476","6049346062"
"6477","6044697836"
"6478","6049341921"
"6479","7787310442"
"6480","6049335855"
"6481","7783553273"
"6482","6044928478"
"6483","7787313450"
"6484","6044696825"
"6485","6049174445"
"6486","6049392418"
"6487","7782720162"
"6488","6049496151"
"6489","6049496789"
"6490","7782729255"
"6491","6044926076"
"6492","7785227470"
"6493","6044920976"
"6494","6044619848"
"6495","6049395720"
"6496","6049337091"
"6497","6049333832"
"6498","6049391955"
"6499","7783550747"
"6500","6049397878"
"6501","6049313650"
"6502","6049399224"
"6503","6049394994"
"6504","6049314839"
"6505","6049330181"
"6506","6049492260"
"6507","7785226478"
"6508","7782176475"
"6509","7783553395"
"6510","6044923227"
"6511","6049174383"
"6512","6044927757"
"6513","6049390576"
"6514","6049493637"
"6515","6049367558"
"6516","6044922560"
"6517","7783554301"
"6518","6044619160"
"6519","7782724455"
"6520","6049363787"
"6521","6049316680"
"6522","7785222792"
"6523","7783558850"
"6524","6044612210"
"6525","7783551276"
"6526","7783552659"
"6527","6049360514"
"6528","6049319221"
"6529","6049172620"
"6530","6044691707"
"6531","6049341572"
"6532","7787314076"
"6533","6044690423"
"6534","6049347937"
"6535","7787315061"
"6536","6044610903"
"6537","7782175518"
"6538","6049361109"
"6539","6044692076"
"6540","6044693354"
"6541","6049396351"
"6542","6049376815"
"6543","6049315563"
"6544","6049310541"
"6545","6044616191"
"6546","6044697807"
"6547","6049390774"
"6548","7782174135"
"6549","7782177601"
"6550","6044694140"
"6551","6049172514"
"6552","6049345106"
"6553","7787319791"
"6554","6049372511"
"6555","6049336497"
"6556","6044691372"
"6557","6049337090"
"6558","7785221693"
"6559","6049315558"
"6560","6044695351"
"6561","6049334821"
"6562","6044610792"
"6563","7782176141"
"6564","7782176446"
"6565","7785228211"
"6566","6049490101"
"6567","7782176986"
"6568","7782179879"
"6569","6044615785"
"6570","7785226821"
"6571","6044690384"
"6572","6044614913"
"6573","6049346859"
"6574","6049339618"
"6575","6049337067"
"6576","6049317017"
"6577","7782726274"
"6578","7787311774"
"6579","7783551662"
"6580","7785223650"
"6581","6049312545"
"6582","6049172004"
"6583","6049499142"
"6584","7782174796"
"6585","7783556518"
"6586","7787310548"
"6587","6049174411"
"6588","6049330680"
"6589","7782177440"
"6590","6044611930"
"6591","7782727044"
"6592","7787312273"
"6593","6044616933"
"6594","6049342662"
"6595","7787311267"
"6596","6049346653"
"6597","7787315037"
"6598","6049175715"
"6599","6049343723"
"6600","7787312714"
"6601","7783556373"
"6602","6049346560"
"6603","6044610699"
"6604","6049333279"
"6605","6049171878"
"6606","7783553842"
"6607","7783551242"
"6608","7787311895"
"6609","6049341566"
"6610","6044699939"
"6611","7782723427"
"6612","6049391949"
"6613","6044697871"
"6614","7787313431"
"6615","6049338341"
"6616","6049390686"
"6617","7785228134"
"6618","7785227324"
"6619","6049499215"
"6620","7782727094"
"6621","6049373093"
"6622","6044615515"
"6623","6049170310"
"6624","6044690319"
"6625","6049339306"
"6626","6044928982"
"6627","6049491787"
"6628","6044924959"
"6629","6049171257"
"6630","6049398152"
"6631","7785227982"
"6632","6049370560"
"6633","6049319273"
"6634","6049495201"
"6635","7787313670"
"6636","6044610222"
"6637","6049361226"
"6638","6049317233"
"6639","6049340650"
"6640","7783559282"
"6641","7785229373"
"6642","7787310049"
"6643","6049314151"
"6644","6044923697"
"6645","6044920577"
"6646","7782177636"
"6647","6049492636"
"6648","7782720959"
"6649","6044929176"
"6650","6049317621"
"6651","6044699601"
"6652","6049397328"
"6653","6049311729"
"6654","6049496465"
"6655","7782728515"
"6656","6049170263"
"6657","6044920522"
"6658","6049396836"
"6659","7785223177"
"6660","6049396755"
"6661","7783557612"
"6662","6049494603"
"6663","6049493138"
"6664","6049379571"
"6665","6049176660"
"6666","6044925738"
"6667","6049314100"
"6668","7782725004"
"6669","7785222035"
"6670","7785226121"
"6671","6049494427"
"6672","6049335306"
"6673","6044617509"
"6674","6044926423"
"6675","6049367712"
"6676","6049315988"
"6677","6044921362"
"6678","7787312050"
"6679","6049343402"
"6680","7783556542"
"6681","6049492451"
"6682","6049374825"
"6683","6044619076"
"6684","6044698057"
"6685","6044611877"
"6686","7782179554"
"6687","7785221163"
"6688","7785226705"
"6689","6049496555"
"6690","6049311191"
"6691","6049374758"
"6692","6049341627"
"6693","6044923283"
"6694","6044696860"
"6695","6049334407"
"6696","6049311685"
"6697","6049311773"
"6698","6044610844"
"6699","6044921701"
"6700","6049315678"
"6701","7787316452"
"6702","6049330748"
"6703","6044695286"
"6704","6044697749"
"6705","7782179709"
"6706","6049499598"
"6707","6049392582"
"6708","7782722045"
"6709","6049378601"
"6710","6044617241"
"6711","6049312849"
"6712","6049367515"
"6713","6049494408"
"6714","7785220291"
"6715","6049177237"
"6716","7785221435"
"6717","7785223335"
"6718","7783553848"
"6719","7782723490"
"6720","6049495140"
"6721","7782175990"
"6722","6049178209"
"6723","7787313165"
"6724","6044699039"
"6725","6049378254"
"6726","6049390222"
"6727","6049345034"
"6728","7787314501"
"6729","6049179763"
"6730","6044698371"
"6731","7783555717"
"6732","6049373717"
"6733","6044697784"
"6734","6044610014"
"6735","6044695955"
"6736","6049496951"
"6737","6049175335"
"6738","6049317503"
"6739","6049363716"
"6740","6044698966"
"6741","7782724973"
"6742","6044696662"
"6743","6049315903"
"6744","6044928063"
"6745","7785220754"
"6746","6049334326"
"6747","7787316203"
"6748","6049376422"
"6749","6049499145"
"6750","6044929438"
"6751","7782724686"
"6752","6049332211"
"6753","6049346172"
"6754","6044611142"
"6755","6049395881"
"6756","6044920409"
"6757","6049367918"
"6758","6049377390"
"6759","6044693976"
"6760","6049331079"
"6761","6044920185"
"6762","6049330114"
"6763","6049373384"
"6764","6049395318"
"6765","7785227917"
"6766","7783553559"
"6767","6049491275"
"6768","6049177012"
"6769","6044921304"
"6770","6049338419"
"6771","6049372132"
"6772","6044612067"
"6773","7787312269"
"6774","6044615219"
"6775","6049390359"
"6776","6044613352"
"6777","7782729053"
"6778","7783551187"
"6779","7787319462"
"6780","6044614557"
"6781","6049361628"
"6782","7782726132"
"6783","7783553044"
"6784","7782176618"
"6785","7785221716"
"6786","6044697082"
"6787","7782178143"
"6788","7785227284"
"6789","6049490462"
"6790","7785223597"
"6791","6044927392"
"6792","6049179697"
"6793","7785227035"
"6794","7782728089"
"6795","6049363945"
"6796","7782729879"
"6797","7782721564"
"6798","6049493289"
"6799","7782722820"
"6800","6044617381"
"6801","6049176658"
"6802","6044692664"
"6803","6049334092"
"6804","7782729901"
"6805","6049372260"
"6806","6049393418"
"6807","7782176717"
"6808","6049491595"
"6809","6049497223"
"6810","6044692015"
"6811","6049492455"
"6812","7787317162"
"6813","6044698586"
"6814","7782720850"
"6815","6049372984"
"6816","6049349190"
"6817","7782170981"
"6818","6044614401"
"6819","6049319989"
"6820","6049367020"
"6821","6049398032"
"6822","6044695672"
"6823","6049368336"
"6824","7785220234"
"6825","6049316490"
"6826","7783551667"
"6827","6044614408"
"6828","6049171674"
"6829","7783553029"
"6830","7787315623"
"6831","6049171366"
"6832","6049362324"
"6833","6049377764"
"6834","6044615138"
"6835","7785228130"
"6836","6049344385"
"6837","7782726987"
"6838","7787316623"
"6839","6049311865"
"6840","6049318489"
"6841","6044923772"
"6842","7787316240"
"6843","7782726596"
"6844","6049369178"
"6845","6049338263"
"6846","6049394236"
"6847","7783550134"
"6848","6044920677"
"6849","6049374066"
"6850","7787313438"
"6851","6049311074"
"6852","6049390149"
"6853","7787317313"
"6854","6044617475"
"6855","6049170789"
"6856","7782170653"
"6857","7787313630"
"6858","6049360034"
"6859","6044920981"
"6860","6049492528"
"6861","6049334461"
"6862","7782173439"
"6863","7787315282"
"6864","6049367394"
"6865","6049365361"
"6866","6049377418"
"6867","7783554554"
"6868","6049345877"
"6869","6049171322"
"6870","6049338920"
"6871","6044922587"
"6872","6049312528"
"6873","6049317851"
"6874","6049312744"
"6875","7783550139"
"6876","6044612361"
"6877","6049362895"
"6878","7787314692"
"6879","6049174206"
"6880","6049396185"
"6881","6049492811"
"6882","6044926480"
"6883","6049174194"
"6884","6049179558"
"6885","7782720819"
"6886","6049178433"
"6887","6044925654"
"6888","6044923256"
"6889","6049316220"
"6890","6044690833"
"6891","6044616102"
"6892","6049319390"
"6893","6049379008"
"6894","7782176566"
"6895","6049390835"
"6896","6049375935"
"6897","6049395776"
"6898","6049330536"
"6899","6044615908"
"6900","6049498755"
"6901","7783556905"
"6902","7785225375"
"6903","6044611436"
"6904","6044619115"
"6905","6049362825"
"6906","7782722519"
"6907","6049346780"
"6908","6049339408"
"6909","6049170892"
"6910","6049340180"
"6911","6049498183"
"6912","6049319189"
"6913","7783553225"
"6914","6049337828"
"6915","7782728642"
"6916","6049331626"
"6917","6044615754"
"6918","6049491249"
"6919","6044696028"
"6920","6044611652"
"6921","7787313885"
"6922","7785229724"
"6923","6044619343"
"6924","7785226180"
"6925","6049340425"
"6926","6049171759"
"6927","7785227856"
"6928","6044921552"
"6929","6044920806"
"6930","6049311523"
"6931","6044691157"
"6932","6044925223"
"6933","7782172093"
"6934","7782723196"
"6935","6049366814"
"6936","6049368973"
"6937","6044611368"
"6938","6049174105"
"6939","7783551015"
"6940","7787316103"
"6941","6044616947"
"6942","6049393369"
"6943","6049366787"
"6944","6049368212"
"6945","6044925439"
"6946","6049496897"
"6947","6049344158"
"6948","6049335444"
"6949","6049312638"
"6950","7782176396"
"6951","7782724747"
"6952","6049343300"
"6953","6049316889"
"6954","6049173620"
"6955","6049176419"
"6956","6044615753"
"6957","6049175657"
"6958","6049345422"
"6959","6049369423"
"6960","6049311025"
"6961","6044699437"
"6962","6049367700"
"6963","7785222657"
"6964","6049496233"
"6965","7785227652"
"6966","6044613578"
"6967","6049378649"
"6968","6044693633"
"6969","7782727544"
"6970","7782728549"
"6971","7783555736"
"6972","6049345411"
"6973","6049370031"
"6974","6049319348"
"6975","6049347240"
"6976","6049175758"
"6977","7782177402"
"6978","6044924362"
"6979","7782721248"
"6980","6044613608"
"6981","6049396237"
"6982","6049343623"
"6983","7787319166"
"6984","6049374067"
"6985","6044926786"
"6986","6044922347"
"6987","6049493558"
"6988","6049373428"
"6989","7783554248"
"6990","7783556538"
"6991","6049335607"
"6992","6049339487"
"6993","6044693104"
"6994","6049178266"
"6995","6049333471"
"6996","6049341696"
"6997","6049176145"
"6998","7783555729"
"6999","6049496814"
"7000","6049178435"
"7001","7782171473"
"7002","6044610776"
"7003","6049374868"
"7004","6044697137"
"7005","6049319483"
"7006","6049372779"
"7007","7782173480"
"7008","7782179258"
"7009","7785221437"
"7010","6049177823"
"7011","7783551510"
"7012","6044619893"
"7013","7782724243"
"7014","6044614774"
"7015","6049360901"
"7016","6049378519"
"7017","6049391741"
"7018","6044922552"
"7019","6044611784"
"7020","7782726157"
"7021","7783558483"
"7022","6049347734"
"7023","6044699171"
"7024","6049313200"
"7025","6049312765"
"7026","7782171884"
"7027","7782724067"
"7028","7782172429"
"7029","6049361953"
"7030","6044612546"
"7031","6049344100"
"7032","6049178274"
"7033","6049313397"
"7034","7782721117"
"7035","7782720771"
"7036","6044696129"
"7037","6049171045"
"7038","7783555347"
"7039","7782723941"
"7040","6049347742"
"7041","6049362021"
"7042","6049344526"
"7043","7782722786"
"7044","6049399323"
"7045","6049311514"
"7046","6049363693"
"7047","6049344216"
"7048","6049375333"
"7049","7787316477"
"7050","6049495554"
"7051","7785228094"
"7052","6044612071"
"7053","6049396702"
"7054","7783555453"
"7055","6049369774"
"7056","6044617069"
"7057","7787310051"
"7058","6049349114"
"7059","7783550025"
"7060","7785227356"
"7061","7782170093"
"7062","6049338540"
"7063","6049176805"
"7064","6049334752"
"7065","6049332492"
"7066","6049344311"
"7067","6049316703"
"7068","6044921245"
"7069","6049491913"
"7070","6049331844"
"7071","6049336517"
"7072","6049346061"
"7073","6044921251"
"7074","7782174797"
"7075","6049342624"
"7076","6049346575"
"7077","6044695186"
"7078","7782178499"
"7079","7782722526"
"7080","6049493296"
"7081","6049496893"
"7082","6044926672"
"7083","7782722438"
"7084","7782173102"
"7085","7787313848"
"7086","6049313334"
"7087","6049371016"
"7088","6049363702"
"7089","6049374209"
"7090","6044619891"
"7091","6049340429"
"7092","6049335889"
"7093","6049492832"
"7094","6044691668"
"7095","6044619874"
"7096","6049398043"
"7097","6049376797"
"7098","6049399130"
"7099","6049339129"
"7100","6044693741"
"7101","6044616244"
"7102","6049364842"
"7103","6049336071"
"7104","6049378242"
"7105","6044615675"
"7106","6049315787"
"7107","7782723417"
"7108","6049496675"
"7109","6049394854"
"7110","6049398823"
"7111","6049368456"
"7112","7787318868"
"7113","6044615065"
"7114","6049347857"
"7115","6049344952"
"7116","6049330690"
"7117","6049376515"
"7118","6049361910"
"7119","7787318018"
"7120","6044610420"
"7121","7782723810"
"7122","6049176670"
"7123","6049367244"
"7124","6044698076"
"7125","7785221199"
"7126","6049170577"
"7127","6049330582"
"7128","6049496037"
"7129","6044691778"
"7130","7783551718"
"7131","6044696444"
"7132","6049364585"
"7133","6049373634"
"7134","6049312666"
"7135","6044696714"
"7136","6044693890"
"7137","6049339307"
"7138","7783556907"
"7139","7782172481"
"7140","7787312445"
"7141","6049398845"
"7142","6044619927"
"7143","6049173154"
"7144","6049338769"
"7145","7785220539"
"7146","6044692667"
"7147","6049361600"
"7148","6044927952"
"7149","7782725291"
"7150","6049174004"
"7151","7782175774"
"7152","6049171711"
"7153","6044610817"
"7154","6049178006"
"7155","7782170059"
"7156","6049498265"
"7157","7787319875"
"7158","6049391553"
"7159","7782728864"
"7160","6049336311"
"7161","7785221238"
"7162","7785221338"
"7163","6044929378"
"7164","6049365672"
"7165","7783550582"
"7166","6044694223"
"7167","7782179818"
"7168","6049336810"
"7169","6044695830"
"7170","6049375466"
"7171","7783558839"
"7172","6049493415"
"7173","7785227832"
"7174","6049390935"
"7175","6044696399"
"7176","6044925284"
"7177","6049174980"
"7178","6049393536"
"7179","7785220104"
"7180","7782726294"
"7181","6044611193"
"7182","7785225959"
"7183","7782178194"
"7184","6049319181"
"7185","6044619013"
"7186","6044618271"
"7187","6049360902"
"7188","6044695916"
"7189","7782725060"
"7190","7782723768"
"7191","7787319154"
"7192","6049341400"
"7193","7787318682"
"7194","7783556554"
"7195","6049172212"
"7196","7782175364"
"7197","6049394044"
"7198","7782171659"
"7199","6044610432"
"7200","6049344169"
"7201","6049339126"
"7202","6044613531"
"7203","6049361022"
"7204","6049498025"
"7205","6044617626"
"7206","7783556507"
"7207","6049398358"
"7208","6049492992"
"7209","7783555113"
"7210","7787319785"
"7211","6049395754"
"7212","6049376174"
"7213","6049361047"
"7214","6049330421"
"7215","7783559728"
"7216","6049342587"
"7217","6049391520"
"7218","7782171005"
"7219","6049363143"
"7220","6049394322"
"7221","7785225879"
"7222","6049379599"
"7223","7782728785"
"7224","6049365191"
"7225","7783558078"
"7226","6044699881"
"7227","6049175612"
"7228","6049495478"
"7229","6049365223"
"7230","6044614635"
"7231","6049497191"
"7232","6044921247"
"7233","6049369474"
"7234","6044697651"
"7235","7785227029"
"7236","7787315281"
"7237","6049171194"
"7238","6044693034"
"7239","6044693952"
"7240","6049496642"
"7241","6044690926"
"7242","7782177835"
"7243","6049341853"
"7244","6049314465"
"7245","6049364787"
"7246","6049314452"
"7247","6049319385"
"7248","7785224397"
"7249","7782729916"
"7250","6049335382"
"7251","6049343765"
"7252","7787319460"
"7253","6044610701"
"7254","6049177419"
"7255","6044929595"
"7256","6049379736"
"7257","6049178287"
"7258","6044690756"
"7259","6049392598"
"7260","6049317889"
"7261","7782727515"
"7262","6049398130"
"7263","6049338917"
"7264","6044699875"
"7265","6049499590"
"7266","6044618997"
"7267","6049372786"
"7268","7787311125"
"7269","6049335460"
"7270","7783554797"
"7271","7783558821"
"7272","7787315078"
"7273","6049344002"
"7274","6049178573"
"7275","7782727524"
"7276","7783558521"
"7277","6044613460"
"7278","6049174549"
"7279","6049395169"
"7280","7783557758"
"7281","6049373366"
"7282","6049497221"
"7283","6049179454"
"7284","6049339128"
"7285","6049393593"
"7286","6049175467"
"7287","6049174455"
"7288","6049172922"
"7289","6044699929"
"7290","6044924313"
"7291","6049499708"
"7292","7785229117"
"7293","6049349180"
"7294","6049311852"
"7295","7782170354"
"7296","6049396570"
"7297","6044610911"
"7298","6044699769"
"7299","6049336094"
"7300","7785223853"
"7301","6049494549"
"7302","7785223751"
"7303","6044921283"
"7304","7785221766"
"7305","6044690297"
"7306","6049331402"
"7307","6049361412"
"7308","6049363747"
"7309","6049362495"
"7310","7782720576"
"7311","6049367841"
"7312","6049362664"
"7313","6049398627"
"7314","7782729517"
"7315","6049491417"
"7316","7785227600"
"7317","6049170591"
"7318","6049398519"
"7319","6044929949"
"7320","6049349186"
"7321","6049369166"
"7322","6044924072"
"7323","6049376267"
"7324","7782173628"
"7325","6049175197"
"7326","6049336647"
"7327","6049341930"
"7328","6049338854"
"7329","7782727317"
"7330","7785229076"
"7331","6044927912"
"7332","7787315828"
"7333","6044612069"
"7334","6049177519"
"7335","7782170837"
"7336","6049495392"
"7337","7787314754"
"7338","7785224951"
"7339","7785225881"
"7340","7785224923"
"7341","7782170257"
"7342","6049395634"
"7343","6044611564"
"7344","6049318909"
"7345","7782720229"
"7346","6049497227"
"7347","6049313921"
"7348","7787313934"
"7349","6049376365"
"7350","7787310691"
"7351","6044692400"
"7352","6049337976"
"7353","6044694214"
"7354","6049393618"
"7355","6044928326"
"7356","7785228870"
"7357","6049176771"
"7358","6049399542"
"7359","6044690628"
"7360","6049399498"
"7361","6049338970"
"7362","7783550244"
"7363","6049335326"
"7364","7787311228"
"7365","6049342011"
"7366","6049391376"
"7367","6049344009"
"7368","6049377765"
"7369","7782728913"
"7370","7787312613"
"7371","7785222448"
"7372","7785227775"
"7373","6049178445"
"7374","6049370548"
"7375","6049390763"
"7376","6049495639"
"7377","7787310390"
"7378","6049391072"
"7379","6049368166"
"7380","7782173662"
"7381","6049390468"
"7382","6049174035"
"7383","6049340019"
"7384","6049366039"
"7385","6049364392"
"7386","6049378530"
"7387","7782178975"
"7388","6049177373"
"7389","6049333377"
"7390","7785220448"
"7391","6049170925"
"7392","6049343522"
"7393","7785228929"
"7394","7785229750"
"7395","6049496413"
"7396","7783553150"
"7397","6044690931"
"7398","6049364542"
"7399","6049391218"
"7400","6049338332"
"7401","6049345961"
"7402","6044923576"
"7403","6049494324"
"7404","6049399361"
"7405","7787314308"
"7406","7782725442"
"7407","6044695926"
"7408","6049498690"
"7409","6044615990"
"7410","7785222337"
"7411","7785228236"
"7412","7787312347"
"7413","6049493047"
"7414","6049336587"
"7415","7783558537"
"7416","7782176998"
"7417","6049316120"
"7418","6049397078"
"7419","6044691267"
"7420","6044614742"
"7421","7783559792"
"7422","6044693621"
"7423","6049497678"
"7424","7787312228"
"7425","6049313420"
"7426","6044696631"
"7427","6049493340"
"7428","6049377662"
"7429","6044699552"
"7430","6049393799"
"7431","7782727459"
"7432","6044922590"
"7433","6049318090"
"7434","7783551400"
"7435","6044612809"
"7436","6049335713"
"7437","7783559290"
"7438","6049346486"
"7439","6049335131"
"7440","6049373778"
"7441","6049363300"
"7442","7782178151"
"7443","6049379653"
"7444","6049377826"
"7445","7783556801"
"7446","7783551302"
"7447","7782175242"
"7448","6049348940"
"7449","7785225188"
"7450","6044923828"
"7451","6049375176"
"7452","6049316754"
"7453","6044699707"
"7454","7782722297"
"7455","6049492485"
"7456","7787311604"
"7457","7782176601"
"7458","7785227514"
"7459","6049390150"
"7460","6044615685"
"7461","6049392610"
"7462","6049342645"
"7463","7783554037"
"7464","6044690150"
"7465","7782176277"
"7466","6044920550"
"7467","7785229754"
"7468","6049491634"
"7469","6049365277"
"7470","7783552422"
"7471","6044699018"
"7472","6049494428"
"7473","7785221013"
"7474","6049179463"
"7475","7783558625"
"7476","6049393539"
"7477","6044923042"
"7478","7782721617"
"7479","7787316267"
"7480","6049310102"
"7481","7787315424"
"7482","7782170732"
"7483","6049330225"
"7484","6049395071"
"7485","6044617134"
"7486","7782727003"
"7487","6044613415"
"7488","6049495883"
"7489","6049395396"
"7490","6049336134"
"7491","6044610415"
"7492","6049312924"
"7493","6049494985"
"7494","6049173358"
"7495","6044611081"
"7496","7785224782"
"7497","7787319672"
"7498","6044615863"
"7499","6049315634"
"7500","6044610175"
"7501","6049378142"
"7502","6049176756"
"7503","6049499056"
"7504","6044699867"
"7505","7782174422"
"7506","6044925588"
"7507","6049314432"
"7508","6049172590"
"7509","6044691226"
"7510","6049173780"
"7511","7787319417"
"7512","6049330248"
"7513","6049379011"
"7514","7782179297"
"7515","6044610548"
"7516","6044692812"
"7517","7783559233"
"7518","7782721790"
"7519","6049319734"
"7520","6044929645"
"7521","7785222347"
"7522","6049371598"
"7523","6049346593"
"7524","7783551956"
"7525","6044618426"
"7526","7782723952"
"7527","6044698957"
"7528","6049179748"
"7529","7782720391"
"7530","6049179452"
"7531","6044697716"
"7532","6049397990"
"7533","6044615792"
"7534","6049337261"
"7535","6049391970"
"7536","6044927251"
"7537","6044610654"
"7538","6049496670"
"7539","6044615530"
"7540","6049337940"
"7541","6044929074"
"7542","7783550945"
"7543","6049372772"
"7544","7782173088"
"7545","6049173217"
"7546","7782179593"
"7547","6049372098"
"7548","6049379006"
"7549","6049495559"
"7550","6049336089"
"7551","6049332118"
"7552","6049315389"
"7553","6049496418"
"7554","6049399464"
"7555","6049330637"
"7556","6049341661"
"7557","7782721021"
"7558","7782175567"
"7559","7787311157"
"7560","6044618597"
"7561","6044924877"
"7562","6049372575"
"7563","6044926524"
"7564","6049391755"
"7565","7783553865"
"7566","6049171816"
"7567","6049314572"
"7568","6044699373"
"7569","6044610129"
"7570","6049396949"
"7571","6049496719"
"7572","7782170465"
"7573","6049313322"
"7574","6044619017"
"7575","7782727646"
"7576","7783557330"
"7577","6049348691"
"7578","6044923896"
"7579","6049370347"
"7580","6049334761"
"7581","6044922854"
"7582","7787310614"
"7583","6049310733"
"7584","6049343637"
"7585","6049173373"
"7586","7787315520"
"7587","6049492545"
"7588","6044925633"
"7589","7782179336"
"7590","6044690908"
"7591","6044612980"
"7592","6049378653"
"7593","7782171024"
"7594","6049393777"
"7595","6049349227"
"7596","6049374354"
"7597","6044925608"
"7598","6049349086"
"7599","7787316510"
"7600","7782721200"
"7601","6049312435"
"7602","6049498360"
"7603","7785223044"
"7604","7787315890"
"7605","6049377409"
"7606","7787310343"
"7607","7782726814"
"7608","6044617535"
"7609","6049491351"
"7610","6049491577"
"7611","7783550989"
"7612","6049391237"
"7613","6044695967"
"7614","7782175406"
"7615","6049173459"
"7616","6049332025"
"7617","6049394452"
"7618","6044922990"
"7619","6044920238"
"7620","6044925181"
"7621","7785225221"
"7622","6049398224"
"7623","7783555363"
"7624","6044920659"
"7625","6049178043"
"7626","6049179380"
"7627","7785227287"
"7628","6044619749"
"7629","6049392465"
"7630","6044921539"
"7631","6049398812"
"7632","6049337475"
"7633","7783556799"
"7634","7782179434"
"7635","6049379706"
"7636","6049364739"
"7637","6049396074"
"7638","6049171557"
"7639","6049334753"
"7640","7782721103"
"7641","6049491390"
"7642","6049392675"
"7643","6049173759"
"7644","6049319116"
"7645","7787316217"
"7646","6044699154"
"7647","7782721689"
"7648","6049179996"
"7649","6044927347"
"7650","7782178967"
"7651","7782175025"
"7652","7782179452"
"7653","7783556170"
"7654","6049348401"
"7655","6049398602"
"7656","6049392564"
"7657","6044928360"
"7658","7787319544"
"7659","7782170785"
"7660","7783552951"
"7661","6049172142"
"7662","7782177223"
"7663","6044613901"
"7664","6049317139"
"7665","6049492833"
"7666","7787317679"
"7667","6044928859"
"7668","6049376741"
"7669","7785223498"
"7670","6049378032"
"7671","7787319402"
"7672","7783559226"
"7673","7783555128"
"7674","6049367160"
"7675","7782178554"
"7676","6044619267"
"7677","6044619605"
"7678","7787314053"
"7679","6044610964"
"7680","6044698965"
"7681","7785226553"
"7682","6049495101"
"7683","6049313181"
"7684","6049368426"
"7685","6049315340"
"7686","7787314908"
"7687","7782173486"
"7688","7785223566"
"7689","6049336244"
"7690","7782720450"
"7691","6049319303"
"7692","7782727391"
"7693","6049379483"
"7694","7782720802"
"7695","7787312427"
"7696","7782178009"
"7697","6049371530"
"7698","6044929894"
"7699","6044616445"
"7700","7785229369"
"7701","6049494885"
"7702","6049173288"
"7703","6049332464"
"7704","6049335358"
"7705","6049493180"
"7706","7782178115"
"7707","7785227182"
"7708","6044610364"
"7709","6044692388"
"7710","6049342719"
"7711","7782721925"
"7712","6049490815"
"7713","7782728856"
"7714","6044691754"
"7715","7783556462"
"7716","7787319718"
"7717","6049396787"
"7718","7783551719"
"7719","6049173896"
"7720","6049314008"
"7721","6044693304"
"7722","7782727610"
"7723","7782177072"
"7724","7787316881"
"7725","7783557173"
"7726","6049393284"
"7727","6044929912"
"7728","7782729788"
"7729","6049390914"
"7730","6044611944"
"7731","6049318926"
"7732","6049394594"
"7733","7783553208"
"7734","6049393446"
"7735","7782725178"
"7736","6049374025"
"7737","7782720606"
"7738","6049333008"
"7739","7787316821"
"7740","6049319614"
"7741","7785224612"
"7742","6044696943"
"7743","7783555362"
"7744","6049372966"
"7745","6044618353"
"7746","6049397940"
"7747","7787319148"
"7748","6049172273"
"7749","6049367049"
"7750","7787319975"
"7751","6049363801"
"7752","7782723401"
"7753","6044611284"
"7754","6049497204"
"7755","6049334518"
"7756","6049172278"
"7757","6049342166"
"7758","6049342200"
"7759","6049312044"
"7760","7782178336"
"7761","6049347009"
"7762","7787318835"
"7763","6049313295"
"7764","6044698784"
"7765","6049316908"
"7766","7782728877"
"7767","6049397062"
"7768","6049318874"
"7769","7785224266"
"7770","7783556048"
"7771","6049368018"
"7772","6049378603"
"7773","7785229764"
"7774","7785226134"
"7775","6049315034"
"7776","7787317079"
"7777","6049379386"
"7778","6049491748"
"7779","6049494021"
"7780","6049374125"
"7781","6049345629"
"7782","7785225685"
"7783","6049344972"
"7784","6049174010"
"7785","6049179642"
"7786","7782721480"
"7787","6044923469"
"7788","7787316594"
"7789","6049395297"
"7790","6044617657"
"7791","6049378011"
"7792","6049172431"
"7793","6049347561"
"7794","6049391719"
"7795","6044696138"
"7796","7782726694"
"7797","7783550842"
"7798","6049318845"
"7799","6044926495"
"7800","6049311524"
"7801","6044929145"
"7802","6049177365"
"7803","6044616775"
"7804","7782178318"
"7805","6049497987"
"7806","6049334523"
"7807","7782179017"
"7808","6044693300"
"7809","6044690814"
"7810","7785226907"
"7811","7782726299"
"7812","6044922223"
"7813","7787311722"
"7814","6049496083"
"7815","7783555414"
"7816","6049364443"
"7817","6049370684"
"7818","6049172376"
"7819","7782729183"
"7820","6049494100"
"7821","6044690445"
"7822","7787319923"
"7823","6044920588"
"7824","6049316237"
"7825","7782177951"
"7826","6049374323"
"7827","7787311142"
"7828","6049339227"
"7829","6049362151"
"7830","7782174061"
"7831","6049315290"
"7832","7782722900"
"7833","6049178693"
"7834","7783557165"
"7835","7785223813"
"7836","7787310058"
"7837","6049366513"
"7838","6049493586"
"7839","7782729567"
"7840","6044924026"
"7841","7785229775"
"7842","6049497708"
"7843","6049310553"
"7844","6049492841"
"7845","6049369653"
"7846","7783556169"
"7847","7782174655"
"7848","6049392101"
"7849","6049375634"
"7850","7785226439"
"7851","7787310341"
"7852","6049378704"
"7853","6049361139"
"7854","6049368588"
"7855","6044923058"
"7856","6049396277"
"7857","6044691066"
"7858","6049391711"
"7859","6049395392"
"7860","6044692603"
"7861","7783559250"
"7862","6049343048"
"7863","7783555726"
"7864","6044693395"
"7865","6044697400"
"7866","6049367846"
"7867","7787319368"
"7868","7785229563"
"7869","7783551641"
"7870","6044614980"
"7871","6049172008"
"7872","7785226805"
"7873","6049392558"
"7874","6049178771"
"7875","6049493528"
"7876","6049398463"
"7877","6049378563"
"7878","6044694501"
"7879","7782726014"
"7880","6044610867"
"7881","6049175342"
"7882","6049390871"
"7883","6049314521"
"7884","6049396647"
"7885","6049360042"
"7886","6049496034"
"7887","6044696513"
"7888","7785226624"
"7889","6049397023"
"7890","6049171564"
"7891","6044615973"
"7892","7785229949"
"7893","6049345386"
"7894","6049391268"
"7895","7783551617"
"7896","6049371569"
"7897","6044923785"
"7898","6049173382"
"7899","6049368116"
"7900","6044920830"
"7901","7787317299"
"7902","7785220359"
"7903","6049340981"
"7904","7787317839"
"7905","7783550391"
"7906","6049341382"
"7907","6044617493"
"7908","7782178746"
"7909","7782172906"
"7910","6044612101"
"7911","7787318685"
"7912","6044618052"
"7913","6049318463"
"7914","7783554708"
"7915","7783555473"
"7916","6044696267"
"7917","6044924766"
"7918","6049177034"
"7919","6049367137"
"7920","6049340198"
"7921","6049499061"
"7922","6044690981"
"7923","6049371027"
"7924","7782720191"
"7925","7782173351"
"7926","6049499360"
"7927","6049397296"
"7928","7787316253"
"7929","6049491510"
"7930","6049497153"
"7931","6049318475"
"7932","7782726138"
"7933","6049319025"
"7934","6044610372"
"7935","6049498603"
"7936","6044926408"
"7937","6044921533"
"7938","6049175144"
"7939","6049348372"
"7940","6049349704"
"7941","6044920995"
"7942","6049338589"
"7943","6049490823"
"7944","6049178032"
"7945","6049394603"
"7946","6049492525"
"7947","6044698924"
"7948","6044696780"
"7949","6049175564"
"7950","6049392679"
"7951","6049498491"
"7952","7785225180"
"7953","6049332482"
"7954","7782727869"
"7955","7787313750"
"7956","6044618310"
"7957","6049363825"
"7958","6044922981"
"7959","6049330963"
"7960","7783558362"
"7961","6044927320"
"7962","7785220227"
"7963","6044613758"
"7964","6044617938"
"7965","6049374658"
"7966","6049373975"
"7967","6049374242"
"7968","7783557567"
"7969","6049175271"
"7970","6049379209"
"7971","6049176001"
"7972","6044691369"
"7973","7785227162"
"7974","6049366280"
"7975","7782171042"
"7976","6049343353"
"7977","6049499018"
"7978","6049179377"
"7979","7782722984"
"7980","6044617805"
"7981","7782172482"
"7982","7785229751"
"7983","6044692286"
"7984","6044928342"
"7985","6049331459"
"7986","6044690412"
"7987","7782171192"
"7988","6044618640"
"7989","7785224520"
"7990","6049331494"
"7991","6049174106"
"7992","6049343328"
"7993","6049331102"
"7994","6049314389"
"7995","7782727847"
"7996","6049315861"
"7997","7782725243"
"7998","6049497182"
"7999","6049494006"
"8000","6044921260"
"8001","7785228190"
"8002","7785224207"
"8003","6049337808"
"8004","6044615999"
"8005","6049316521"
"8006","7785222050"
"8007","6049379114"
"8008","6049347533"
"8009","6049346641"
"8010","6049496649"
"8011","7782175765"
"8012","6049339824"
"8013","6049343745"
"8014","7783559338"
"8015","6049370994"
"8016","7782725609"
"8017","6049343634"
"8018","6044694264"
"8019","6049366975"
"8020","7782727364"
"8021","6049331063"
"8022","6044925359"
"8023","6044692792"
"8024","7783557613"
"8025","6049393156"
"8026","7782175876"
"8027","7785229111"
"8028","6049376089"
"8029","6049371940"
"8030","6049371619"
"8031","7782724490"
"8032","6049341922"
"8033","6049494773"
"8034","6049498539"
"8035","7783556222"
"8036","6044923948"
"8037","6044698845"
"8038","7782727426"
"8039","7782720050"
"8040","7782175446"
"8041","6049173463"
"8042","6044698752"
"8043","6049498566"
"8044","7787310037"
"8045","6049338745"
"8046","6049398943"
"8047","7782726594"
"8048","6044690275"
"8049","7782177218"
"8050","6049379290"
"8051","7787314922"
"8052","6049178978"
"8053","6044690457"
"8054","6049367488"
"8055","6044927570"
"8056","7787317985"
"8057","7782172984"
"8058","6044924232"
"8059","6049366778"
"8060","7782728259"
"8061","6049367052"
"8062","7787314242"
"8063","6044690030"
"8064","6049343889"
"8065","6044610728"
"8066","7785220742"
"8067","6049349056"
"8068","6049333382"
"8069","6044695558"
"8070","6049173449"
"8071","6049377125"
"8072","6044614316"
"8073","6049312204"
"8074","6049178292"
"8075","6049310051"
"8076","7782174526"
"8077","6049331461"
"8078","6044694675"
"8079","6049344439"
"8080","6049395301"
"8081","7787313204"
"8082","6049364263"
"8083","6049368241"
"8084","6049398360"
"8085","6044698642"
"8086","7787312365"
"8087","7785225594"
"8088","6044613859"
"8089","7782171709"
"8090","7783559925"
"8091","7785223242"
"8092","6044920080"
"8093","7782178470"
"8094","7782722127"
"8095","6049395222"
"8096","6049174767"
"8097","7787313406"
"8098","6044611508"
"8099","7787317387"
"8100","6049379907"
"8101","7783550045"
"8102","6049178067"
"8103","7785225399"
"8104","6049319541"
"8105","7787311826"
"8106","6049335801"
"8107","6049376073"
"8108","6049490063"
"8109","6049333662"
"8110","6049375487"
"8111","6049175476"
"8112","6049311238"
"8113","7782726369"
"8114","6049315776"
"8115","7785225408"
"8116","6049365481"
"8117","6049342377"
"8118","6049493556"
"8119","6049337495"
"8120","7787315839"
"8121","7782725846"
"8122","6049310720"
"8123","6044615086"
"8124","6049370271"
"8125","7782172842"
"8126","6049173130"
"8127","6044612896"
"8128","6044920664"
"8129","6044924679"
"8130","6044925303"
"8131","6049367571"
"8132","6049392669"
"8133","6049314120"
"8134","7787313465"
"8135","6049363508"
"8136","7787318976"
"8137","7782726194"
"8138","6049178533"
"8139","6044616903"
"8140","6044619166"
"8141","6049339675"
"8142","6049360646"
"8143","6049170984"
"8144","6044927810"
"8145","7785221699"
"8146","7783553505"
"8147","7782176650"
"8148","6049372687"
"8149","6049377887"
"8150","7782173070"
"8151","6044614286"
"8152","6044920894"
"8153","7783558824"
"8154","6049171369"
"8155","6049330777"
"8156","6049177787"
"8157","6049348739"
"8158","6049178267"
"8159","6049316087"
"8160","6049496125"
"8161","6044924194"
"8162","6049391307"
"8163","6044692129"
"8164","6044929407"
"8165","6049170136"
"8166","6049372243"
"8167","6049370495"
"8168","6049317034"
"8169","7783551044"
"8170","7782178468"
"8171","6044692902"
"8172","7785220871"
"8173","7787317333"
"8174","6049492447"
"8175","7785227110"
"8176","6044928454"
"8177","7782725979"
"8178","6049345233"
"8179","6049319507"
"8180","6049362123"
"8181","7785221339"
"8182","7782723344"
"8183","7785221873"
"8184","6049172188"
"8185","6044693949"
"8186","7782179751"
"8187","6044610715"
"8188","7785229210"
"8189","7783555373"
"8190","6044697233"
"8191","6049319527"
"8192","6049312081"
"8193","6049336225"
"8194","6044611803"
"8195","7783550741"
"8196","6049363346"
"8197","6049371683"
"8198","6049333948"
"8199","6044924913"
"8200","6049175567"
"8201","6049370595"
"8202","6049376264"
"8203","6049362280"
"8204","6049495176"
"8205","7782728475"
"8206","7787311123"
"8207","6049395828"
"8208","6049367688"
"8209","6044692677"
"8210","6049395248"
"8211","7785229401"
"8212","6049497749"
"8213","6044615906"
"8214","6049490952"
"8215","6049318524"
"8216","6044614977"
"8217","6044920499"
"8218","7782729188"
"8219","6049178429"
"8220","7785228997"
"8221","6049496883"
"8222","7782176453"
"8223","6049374204"
"8224","6049499052"
"8225","6049175109"
"8226","7782173654"
"8227","6049397401"
"8228","6049364942"
"8229","7787312555"
"8230","6044920261"
"8231","6049342333"
"8232","6049361526"
"8233","6044690918"
"8234","7787318874"
"8235","7782175150"
"8236","6049337215"
"8237","7787318929"
"8238","6049334084"
"8239","7782175711"
"8240","7782173529"
"8241","6049496624"
"8242","6049175767"
"8243","6049494715"
"8244","6044611541"
"8245","6044928120"
"8246","6049492710"
"8247","6049496239"
"8248","6049375370"
"8249","6049344334"
"8250","6044618594"
"8251","6044925308"
"8252","6049330686"
"8253","7783550215"
"8254","6044698678"
"8255","7783552577"
"8256","6049178117"
"8257","6049177428"
"8258","6049372070"
"8259","6049312474"
"8260","7787313890"
"8261","7785228276"
"8262","6049373115"
"8263","6049172462"
"8264","7787317953"
"8265","6044923136"
"8266","6044926051"
"8267","6049170186"
"8268","6049317338"
"8269","6044692548"
"8270","7782729392"
"8271","6049397499"
"8272","7782174563"
"8273","6049314601"
"8274","7783553535"
"8275","6044694740"
"8276","6049493516"
"8277","7782729908"
"8278","6049343375"
"8279","6049177112"
"8280","7782724010"
"8281","6049344733"
"8282","6049341186"
"8283","6049333878"
"8284","6049365088"
"8285","6049313810"
"8286","6044925766"
"8287","6049311483"
"8288","6049178499"
"8289","7783556754"
"8290","6049371993"
"8291","6044611623"
"8292","6044925898"
"8293","7782726927"
"8294","6049311551"
"8295","6049362339"
"8296","7787315889"
"8297","6049376808"
"8298","6049315159"
"8299","7787317220"
"8300","6049173774"
"8301","6049390406"
"8302","7787315827"
"8303","6049316827"
"8304","7785229174"
"8305","6044610796"
"8306","6049318846"
"8307","7782178738"
"8308","6044925613"
"8309","6049490464"
"8310","6044610461"
"8311","6044698743"
"8312","6044696340"
"8313","7782728027"
"8314","6049399919"
"8315","7785223982"
"8316","7787312483"
"8317","6049393225"
"8318","6044927569"
"8319","6049177345"
"8320","6049337308"
"8321","6049170476"
"8322","6049392307"
"8323","7782722251"
"8324","6044929123"
"8325","6049395455"
"8326","6049499698"
"8327","6049377814"
"8328","6044920416"
"8329","6049343290"
"8330","6049345587"
"8331","7785228747"
"8332","7782175485"
"8333","7782172290"
"8334","7782724266"
"8335","6049391515"
"8336","6044612696"
"8337","7785228288"
"8338","6049330507"
"8339","6044927454"
"8340","6049342908"
"8341","6049490755"
"8342","6049366447"
"8343","7787316838"
"8344","7787313910"
"8345","7782176246"
"8346","6049312119"
"8347","7782177859"
"8348","6049310731"
"8349","6049393541"
"8350","6044615553"
"8351","7783558400"
"8352","6044615664"
"8353","6049362907"
"8354","6049391796"
"8355","6049365976"
"8356","6049339416"
"8357","7782724297"
"8358","7787315719"
"8359","6049377053"
"8360","6049374328"
"8361","7787314263"
"8362","6044612564"
"8363","6044610255"
"8364","6049338087"
"8365","7782722095"
"8366","6044928325"
"8367","6049176010"
"8368","7785223338"
"8369","6044692432"
"8370","7787315641"
"8371","6049171404"
"8372","6044612555"
"8373","6044614214"
"8374","6049318459"
"8375","7783557061"
"8376","6044612598"
"8377","6049175833"
"8378","7782175814"
"8379","6049345816"
"8380","6049491175"
"8381","6049376019"
"8382","6044692174"
"8383","6049311346"
"8384","7787313628"
"8385","7782171725"
"8386","6049339547"
"8387","7782174499"
"8388","7782721049"
"8389","6049179811"
"8390","6049361892"
"8391","6049499198"
"8392","7783550452"
"8393","6049172018"
"8394","6049342510"
"8395","6049332484"
"8396","7787313548"
"8397","6049344479"
"8398","6049346568"
"8399","6049364948"
"8400","7787313020"
"8401","6049376043"
"8402","6049397178"
"8403","7783555540"
"8404","6044690835"
"8405","6049370378"
"8406","6049347444"
"8407","6049336529"
"8408","6049390215"
"8409","6049379552"
"8410","6049344604"
"8411","7787312294"
"8412","6049176554"
"8413","6049333871"
"8414","6044928683"
"8415","6049398827"
"8416","7785225401"
"8417","6044926383"
"8418","6049338379"
"8419","7785227147"
"8420","6049345736"
"8421","6049491391"
"8422","6044690350"
"8423","7783552717"
"8424","6049330673"
"8425","6049336222"
"8426","7783553038"
"8427","6049319755"
"8428","6049364277"
"8429","6049179278"
"8430","6049318847"
"8431","6049331207"
"8432","6044694013"
"8433","6049177011"
"8434","6049347323"
"8435","7782720543"
"8436","6049365250"
"8437","7787319316"
"8438","6049340483"
"8439","7783556643"
"8440","6044696313"
"8441","7785227728"
"8442","6044695819"
"8443","6044695582"
"8444","7782173973"
"8445","6049349945"
"8446","6049364753"
"8447","6049371229"
"8448","6044693570"
"8449","6049176169"
"8450","6049367075"
"8451","6044694367"
"8452","7785223315"
"8453","6049360957"
"8454","6049179453"
"8455","7785221241"
"8456","7787317180"
"8457","6049368704"
"8458","7785228284"
"8459","6049331190"
"8460","6049316739"
"8461","7782178742"
"8462","6044697556"
"8463","6049364691"
"8464","7782721766"
"8465","6049360309"
"8466","6049348489"
"8467","6049498897"
"8468","6049496710"
"8469","7782171198"
"8470","6044923739"
"8471","7782724736"
"8472","7782721139"
"8473","6044612924"
"8474","7785229325"
"8475","7787316121"
"8476","6049315392"
"8477","7783552205"
"8478","7787319152"
"8479","7783553078"
"8480","6049174319"
"8481","6049366819"
"8482","6049335585"
"8483","6049496598"
"8484","6044615226"
"8485","6049377364"
"8486","6049364304"
"8487","6049312252"
"8488","6049399783"
"8489","6044697277"
"8490","7785228261"
"8491","7783558694"
"8492","6049370262"
"8493","6044610806"
"8494","7782723688"
"8495","6044926971"
"8496","7782173172"
"8497","6049336970"
"8498","6049179941"
"8499","7782728704"
"8500","6049178857"
"8501","7782170100"
"8502","7787315710"
"8503","6044928085"
"8504","7787319938"
"8505","6044695610"
"8506","6049346053"
"8507","6049372977"
"8508","6049311806"
"8509","6049376828"
"8510","6049178728"
"8511","6049318974"
"8512","6049343687"
"8513","6049340885"
"8514","6044696921"
"8515","6049496434"
"8516","6044618045"
"8517","6049333410"
"8518","6049340567"
"8519","7785222415"
"8520","6049333193"
"8521","6049331020"
"8522","6049317795"
"8523","6049318569"
"8524","6049398190"
"8525","7787318989"
"8526","6044694664"
"8527","6049346914"
"8528","6049499873"
"8529","7782173897"
"8530","6049172640"
"8531","7782170219"
"8532","7782176587"
"8533","6049368245"
"8534","7782173495"
"8535","6049393226"
"8536","6049397138"
"8537","6044610063"
"8538","6049375689"
"8539","7783558586"
"8540","6044611583"
"8541","6049367438"
"8542","7782725143"
"8543","7787314276"
"8544","7787312836"
"8545","6044612134"
"8546","6049395784"
"8547","6049493616"
"8548","7783555461"
"8549","6049342631"
"8550","6049348671"
"8551","6044695604"
"8552","6049391700"
"8553","6049313220"
"8554","6049497989"
"8555","6044929307"
"8556","6044613281"
"8557","7785220895"
"8558","7782172568"
"8559","7782728590"
"8560","7785226516"
"8561","7782171993"
"8562","7785222999"
"8563","6044612351"
"8564","7785223789"
"8565","7785226209"
"8566","7782179252"
"8567","7785226223"
"8568","6049312245"
"8569","6044697168"
"8570","6049378287"
"8571","7787319853"
"8572","7785227608"
"8573","7787317314"
"8574","6049334347"
"8575","7782724498"
"8576","7783553154"
"8577","7785220173"
"8578","7782175818"
"8579","6049348079"
"8580","6049490202"
"8581","7782727232"
"8582","6049336908"
"8583","6044927639"
"8584","7785221128"
"8585","7782174803"
"8586","6049331090"
"8587","6049347605"
"8588","6049370361"
"8589","7782723186"
"8590","7787319783"
"8591","7782723207"
"8592","7782722966"
"8593","6044616294"
"8594","6044694569"
"8595","6049342697"
"8596","6049394527"
"8597","6049369877"
"8598","6049348183"
"8599","6049332933"
"8600","6049499106"
"8601","7782726260"
"8602","6044928457"
"8603","6049345402"
"8604","6049318199"
"8605","6044619449"
"8606","6044694403"
"8607","6049342262"
"8608","6049496852"
"8609","6049360949"
"8610","6049337902"
"8611","6044615926"
"8612","7787310767"
"8613","6044693295"
"8614","7785223386"
"8615","6049499526"
"8616","6049390740"
"8617","7782727956"
"8618","6044923982"
"8619","6049342881"
"8620","6049314639"
"8621","6049392019"
"8622","6049373237"
"8623","6049330844"
"8624","7783558860"
"8625","6049332338"
"8626","7783554333"
"8627","6049340735"
"8628","7782729566"
"8629","6044928007"
"8630","6049374402"
"8631","7782177861"
"8632","6049314409"
"8633","6049335841"
"8634","6049366163"
"8635","7787312367"
"8636","7782727345"
"8637","7783559791"
"8638","7782728673"
"8639","6049332279"
"8640","6049370414"
"8641","7785224503"
"8642","6049173862"
"8643","6049171539"
"8644","7783550665"
"8645","6049393522"
"8646","7787312451"
"8647","6049316384"
"8648","6044928681"
"8649","6049176018"
"8650","6049332022"
"8651","6049347152"
"8652","6044924883"
"8653","6049335626"
"8654","6049399397"
"8655","6049391151"
"8656","7782175385"
"8657","6044922448"
"8658","6049332644"
"8659","6049379785"
"8660","6044698058"
"8661","7785223822"
"8662","7785228162"
"8663","7783555298"
"8664","7782727993"
"8665","7783555395"
"8666","6044922953"
"8667","6049363491"
"8668","6049170072"
"8669","7787318992"
"8670","6044920735"
"8671","6049375292"
"8672","6049347260"
"8673","7785229828"
"8674","6049349330"
"8675","6049338799"
"8676","6044920079"
"8677","7782170744"
"8678","6044610788"
"8679","6049177208"
"8680","6044698343"
"8681","7782720565"
"8682","7787310192"
"8683","6049498046"
"8684","6049315424"
"8685","6049392837"
"8686","6049360761"
"8687","7782726452"
"8688","7783554478"
"8689","6049366874"
"8690","7782727651"
"8691","7787316270"
"8692","6049370688"
"8693","6044695520"
"8694","7782176775"
"8695","6049316820"
"8696","6049349211"
"8697","7782722290"
"8698","7785221081"
"8699","6049179096"
"8700","6049373383"
"8701","7782179302"
"8702","7782171879"
"8703","7783551490"
"8704","7782721153"
"8705","6049392381"
"8706","6049336799"
"8707","6044614301"
"8708","6049393635"
"8709","7782172527"
"8710","7782173452"
"8711","6049317601"
"8712","6049316824"
"8713","7785221127"
"8714","6049367332"
"8715","7782175337"
"8716","6044694270"
"8717","6049365105"
"8718","6044924882"
"8719","6044692385"
"8720","6049499135"
"8721","6049171428"
"8722","6049394418"
"8723","6049336883"
"8724","6049310983"
"8725","6049178085"
"8726","7782174241"
"8727","6049313170"
"8728","6049342958"
"8729","6049318953"
"8730","7785229997"
"8731","7782175328"
"8732","6044613158"
"8733","6049318047"
"8734","6044920115"
"8735","6044924238"
"8736","7787316144"
"8737","6044923032"
"8738","6049331004"
"8739","7782726548"
"8740","7782729936"
"8741","7787311669"
"8742","6044929534"
"8743","7782724695"
"8744","7785229159"
"8745","7783559355"
"8746","7782171822"
"8747","7787318276"
"8748","6049344459"
"8749","7787318502"
"8750","6044928066"
"8751","7787317039"
"8752","6049346388"
"8753","6049396256"
"8754","6049339863"
"8755","7785226054"
"8756","7785223082"
"8757","7782175258"
"8758","6049179844"
"8759","6049349705"
"8760","6049375049"
"8761","7785229007"
"8762","7782727067"
"8763","6044922476"
"8764","6049393061"
"8765","6049337387"
"8766","6044695568"
"8767","6049176308"
"8768","6049363099"
"8769","7782179198"
"8770","6049319469"
"8771","6049498119"
"8772","7783555457"
"8773","6044926835"
"8774","6049372151"
"8775","6049367456"
"8776","7782179935"
"8777","7783558395"
"8778","6049494246"
"8779","6049312741"
"8780","6049315372"
"8781","6049372642"
"8782","6049496766"
"8783","6044615593"
"8784","6049313119"
"8785","6049174720"
"8786","6049178354"
"8787","7782720114"
"8788","6049498685"
"8789","6049315221"
"8790","7785227297"
"8791","7785221715"
"8792","6049391358"
"8793","7787314816"
"8794","7782728153"
"8795","6044691124"
"8796","7783555110"
"8797","6049360065"
"8798","7787316285"
"8799","7782726829"
"8800","6049498447"
"8801","7785227883"
"8802","7785226607"
"8803","7782175105"
"8804","6049336326"
"8805","6049346953"
"8806","6044690940"
"8807","6049392388"
"8808","6049319447"
"8809","6049375494"
"8810","6044696658"
"8811","6049316894"
"8812","6049344757"
"8813","6049364775"
"8814","7785226098"
"8815","6049392119"
"8816","7782173310"
"8817","6049335312"
"8818","7785224562"
"8819","6049170761"
"8820","6049337643"
"8821","6044615273"
"8822","6049373811"
"8823","6049499094"
"8824","6044929513"
"8825","6049499471"
"8826","6049317237"
"8827","7785227431"
"8828","7785221426"
"8829","6049310264"
"8830","7785224470"
"8831","6049369317"
"8832","6049360670"
"8833","6049498863"
"8834","6049345588"
"8835","7787316616"
"8836","6044697510"
"8837","6049390699"
"8838","7783555415"
"8839","6049317428"
"8840","6049495891"
"8841","7787315045"
"8842","6044694548"
"8843","6044928406"
"8844","7782722499"
"8845","6049377777"
"8846","7785227800"
"8847","6049333966"
"8848","6049331262"
"8849","7782173700"
"8850","7785220975"
"8851","6049345320"
"8852","6044618933"
"8853","7783559910"
"8854","6049492738"
"8855","6049392867"
"8856","6049498709"
"8857","6049362876"
"8858","6049360617"
"8859","7782174652"
"8860","7785223776"
"8861","7782172946"
"8862","6049361918"
"8863","6049330361"
"8864","6049178826"
"8865","6049175618"
"8866","6049378181"
"8867","6049495918"
"8868","6049394983"
"8869","6049175227"
"8870","6049313174"
"8871","7785221184"
"8872","6049171144"
"8873","7787316529"
"8874","6044694557"
"8875","7787319886"
"8876","6044611324"
"8877","6049499157"
"8878","7782728450"
"8879","6049175188"
"8880","6044697802"
"8881","7783554092"
"8882","6049368963"
"8883","6049337353"
"8884","6049364774"
"8885","6049336894"
"8886","6049333837"
"8887","6049342069"
"8888","6049490712"
"8889","7787310007"
"8890","6044618495"
"8891","6049499674"
"8892","7782176693"
"8893","6044614038"
"8894","7787317246"
"8895","6044698016"
"8896","6044611103"
"8897","6044696712"
"8898","7787314345"
"8899","6049396384"
"8900","6049493256"
"8901","6049360875"
"8902","7782174534"
"8903","6044694312"
"8904","6049394956"
"8905","6049363768"
"8906","7785227450"
"8907","6049179964"
"8908","6049344926"
"8909","6049490837"
"8910","6044697154"
"8911","6044614486"
"8912","6049346224"
"8913","6049313925"
"8914","7782722090"
"8915","6049332777"
"8916","7782178596"
"8917","6049371446"
"8918","6049492677"
"8919","7783552231"
"8920","7782720483"
"8921","6049372204"
"8922","7787317384"
"8923","7783551424"
"8924","6049172753"
"8925","6049311720"
"8926","7785228585"
"8927","7783557839"
"8928","6049310838"
"8929","6049179953"
"8930","6049172931"
"8931","7785227389"
"8932","6044690213"
"8933","6049398739"
"8934","6049330467"
"8935","6049317778"
"8936","6049176352"
"8937","6049365876"
"8938","6044922700"
"8939","7782175352"
"8940","7783551650"
"8941","6049349609"
"8942","6049364681"
"8943","7782725145"
"8944","6049336732"
"8945","6044697447"
"8946","7782722997"
"8947","6044617351"
"8948","7782729932"
"8949","6044922643"
"8950","6049340801"
"8951","6049337873"
"8952","6044923119"
"8953","6049333660"
"8954","7782724628"
"8955","7782721234"
"8956","6049395799"
"8957","6049334717"
"8958","7785229976"
"8959","7787317369"
"8960","6044699123"
"8961","6049170613"
"8962","6049397041"
"8963","6049492419"
"8964","7782170760"
"8965","6049396784"
"8966","7782172543"
"8967","6049379211"
"8968","6049379690"
"8969","6044923151"
"8970","6049348128"
"8971","6044922092"
"8972","7782175454"
"8973","6049344466"
"8974","7782179105"
"8975","7787316508"
"8976","6049175881"
"8977","6044614526"
"8978","7783555958"
"8979","6049318646"
"8980","7783555622"
"8981","6049395529"
"8982","7782724769"
"8983","6044694464"
"8984","7785226670"
"8985","7787317177"
"8986","7782727820"
"8987","7785223666"
"8988","6049349639"
"8989","6049490523"
"8990","6049378324"
"8991","7783556968"
"8992","6044611822"
"8993","6049379850"
"8994","6049332176"
"8995","6044923593"
"8996","7785226350"
"8997","7783551133"
"8998","6049339443"
"8999","7787312566"
"9000","7787317769"
"9001","6049378854"
"9002","7782176498"
"9003","6049338025"
"9004","6049312649"
"9005","6049499682"
"9006","6049332450"
"9007","7782726897"
"9008","6049348848"
"9009","6049367482"
"9010","7787311891"
"9011","7787315802"
"9012","6049379633"
"9013","7782179548"
"9014","6044691638"
"9015","6044699521"
"9016","6049497344"
"9017","6049310412"
"9018","6049173173"
"9019","6049367864"
"9020","6044926157"
"9021","6049174994"
"9022","6049330094"
"9023","6049378827"
"9024","6044921349"
"9025","6049340474"
"9026","6049366011"
"9027","7783550148"
"9028","6049172246"
"9029","6044926379"
"9030","7787318052"
"9031","6044619910"
"9032","6049395098"
"9033","6049372759"
"9034","6044616733"
"9035","6049330619"
"9036","6049364316"
"9037","6049318355"
"9038","6049335483"
"9039","6049379258"
"9040","6049376690"
"9041","6049365274"
"9042","6044618538"
"9043","6049348502"
"9044","6049317593"
"9045","7787313966"
"9046","6049376165"
"9047","6049399539"
"9048","6049333943"
"9049","7782175461"
"9050","6044929088"
"9051","6044929768"
"9052","6044693958"
"9053","7785228136"
"9054","7785222004"
"9055","6044613662"
"9056","7782727581"
"9057","6049367854"
"9058","6044921796"
"9059","6049175859"
"9060","6049360571"
"9061","7787315157"
"9062","7785225177"
"9063","6044610206"
"9064","6049374008"
"9065","6049333924"
"9066","6049367742"
"9067","6044922164"
"9068","6049331161"
"9069","6049379685"
"9070","6049348378"
"9071","6049397714"
"9072","7787316995"
"9073","6044619690"
"9074","6049493500"
"9075","6049313341"
"9076","7783558897"
"9077","6049316600"
"9078","7787311357"
"9079","7787314430"
"9080","6049344338"
"9081","6049367327"
"9082","7787313083"
"9083","6049369522"
"9084","6049490334"
"9085","6049365550"
"9086","6049174039"
"9087","7782178652"
"9088","6044694322"
"9089","6049395080"
"9090","6044690088"
"9091","6049314446"
"9092","6049330033"
"9093","6049316780"
"9094","6049362885"
"9095","6049310577"
"9096","6049339395"
"9097","7787317265"
"9098","7782174567"
"9099","6049319916"
"9100","6044926407"
"9101","6049178030"
"9102","6044695633"
"9103","6049395276"
"9104","7783553018"
"9105","6049310087"
"9106","6049310355"
"9107","6044694182"
"9108","6049176661"
"9109","7782179578"
"9110","6049340286"
"9111","7783551790"
"9112","7782175303"
"9113","6044614904"
"9114","6049374357"
"9115","6049494818"
"9116","6049173520"
"9117","6049368807"
"9118","7782173040"
"9119","7787314255"
"9120","7782174969"
"9121","7783554914"
"9122","6049369507"
"9123","6049364624"
"9124","6049347076"
"9125","6049369238"
"9126","7783554187"
"9127","6044618811"
"9128","7782179246"
"9129","7782174932"
"9130","6044612346"
"9131","7782179606"
"9132","6049370982"
"9133","6049491333"
"9134","6049392460"
"9135","6049392059"
"9136","6049376945"
"9137","6044922235"
"9138","7787314901"
"9139","6049376761"
"9140","6049367176"
"9141","6049395373"
"9142","7783554689"
"9143","7787315514"
"9144","6049310183"
"9145","7785229253"
"9146","7782727930"
"9147","7787315265"
"9148","6049394326"
"9149","7782177139"
"9150","6049496255"
"9151","7787318927"
"9152","7782722742"
"9153","6049340816"
"9154","6049390623"
"9155","7782723627"
"9156","7785229798"
"9157","6044616745"
"9158","6049343394"
"9159","6049371710"
"9160","6049369219"
"9161","6049318705"
"9162","7782175686"
"9163","6049375985"
"9164","7782728071"
"9165","6049362882"
"9166","7783559688"
"9167","7783553886"
"9168","6049495295"
"9169","7782721888"
"9170","7782720622"
"9171","7782178421"
"9172","6049317785"
"9173","6044925325"
"9174","7783551399"
"9175","7782728382"
"9176","6049362405"
"9177","6044921256"
"9178","7785221093"
"9179","6049398137"
"9180","6049331655"
"9181","6049177516"
"9182","6049496373"
"9183","6044922751"
"9184","6049397333"
"9185","7782720552"
"9186","6044699599"
"9187","7782728637"
"9188","6049376357"
"9189","6049393811"
"9190","6049371795"
"9191","6049372616"
"9192","7785223827"
"9193","7782720434"
"9194","6049361710"
"9195","6049393648"
"9196","6049335465"
"9197","7785223000"
"9198","7782721833"
"9199","7782727271"
"9200","7785221073"
"9201","7783552187"
"9202","6049393717"
"9203","6049367340"
"9204","7782727582"
"9205","6044692233"
"9206","6049335719"
"9207","6049176231"
"9208","6049331330"
"9209","7782175229"
"9210","6049338597"
"9211","6049337345"
"9212","6049331794"
"9213","7782172831"
"9214","6044929016"
"9215","6049319160"
"9216","7787312318"
"9217","6049374786"
"9218","7782173041"
"9219","6049394267"
"9220","6049494919"
"9221","7782177635"
"9222","6049314464"
"9223","7785221303"
"9224","6049332624"
"9225","7783558874"
"9226","6049310839"
"9227","6044615132"
"9228","6049492716"
"9229","7787316255"
"9230","6049347642"
"9231","7782721500"
"9232","6044921215"
"9233","7782727415"
"9234","6049334167"
"9235","6049334751"
"9236","6044692256"
"9237","6049343389"
"9238","6049331996"
"9239","6049314833"
"9240","6049317884"
"9241","7782726480"
"9242","7782170311"
"9243","6044617764"
"9244","6049360427"
"9245","6049496299"
"9246","7782727294"
"9247","6049331201"
"9248","6049332079"
"9249","6049317764"
"9250","6049370121"
"9251","6044920728"
"9252","6044695628"
"9253","6044690779"
"9254","6049362252"
"9255","6044697662"
"9256","6049331132"
"9257","6049492302"
"9258","6044610453"
"9259","6049318343"
"9260","6049342086"
"9261","7785225730"
"9262","6049399177"
"9263","7782177854"
"9264","6049334877"
"9265","7783553697"
"9266","7787317379"
"9267","6049368631"
"9268","6049330439"
"9269","6044611298"
"9270","7782725130"
"9271","6049346259"
"9272","6044927989"
"9273","6049335565"
"9274","6044610793"
"9275","6049494725"
"9276","6049319512"
"9277","6049310922"
"9278","6049337764"
"9279","6049312346"
"9280","6049314267"
"9281","6049317307"
"9282","7783554519"
"9283","7782727209"
"9284","6049499690"
"9285","6049179671"
"9286","7785222518"
"9287","7787319614"
"9288","6049313614"
"9289","6049491757"
"9290","6044926120"
"9291","6049398454"
"9292","6044696673"
"9293","6044611694"
"9294","6049361431"
"9295","7782721197"
"9296","6049348253"
"9297","6049369405"
"9298","6049362927"
"9299","6049348552"
"9300","6044612136"
"9301","7785228643"
"9302","6049496118"
"9303","7787315225"
"9304","6049345286"
"9305","6044926862"
"9306","7783551014"
"9307","6049315240"
"9308","7782721538"
"9309","7785225148"
"9310","6049177361"
"9311","7782177336"
"9312","7783554618"
"9313","6049368543"
"9314","6049496601"
"9315","6049337271"
"9316","7782721285"
"9317","6049319353"
"9318","6049371205"
"9319","6044612157"
"9320","6049374665"
"9321","6044699892"
"9322","6044695291"
"9323","7783553382"
"9324","7782175571"
"9325","6049349132"
"9326","6049492111"
"9327","7787311375"
"9328","7787311460"
"9329","6049368263"
"9330","7782174184"
"9331","6044922110"
"9332","6049498054"
"9333","6044691277"
"9334","7783552867"
"9335","6049498425"
"9336","7787312140"
"9337","7782726583"
"9338","6049360076"
"9339","7787317978"
"9340","7787312587"
"9341","6049371095"
"9342","6049317434"
"9343","6049338845"
"9344","6044921617"
"9345","6049368494"
"9346","6049342214"
"9347","6049394943"
"9348","7787315589"
"9349","6049347319"
"9350","7782175762"
"9351","7785221316"
"9352","6049335456"
"9353","6044617330"
"9354","6044612620"
"9355","6044614565"
"9356","7782723626"
"9357","6049492483"
"9358","6044615362"
"9359","6044929265"
"9360","6044691190"
"9361","6049490498"
"9362","6044694737"
"9363","7785225123"
"9364","6049375591"
"9365","7782723040"
"9366","6049176163"
"9367","6049332337"
"9368","7785229457"
"9369","7782176577"
"9370","6049369121"
"9371","7782175821"
"9372","7787316220"
"9373","6044616006"
"9374","6049392448"
"9375","6049492690"
"9376","6049490933"
"9377","6049336872"
"9378","7785225585"
"9379","7787319375"
"9380","7782729258"
"9381","7782729848"
"9382","6049490029"
"9383","6049398385"
"9384","7787319016"
"9385","7787316114"
"9386","6044926367"
"9387","6049370046"
"9388","7787319310"
"9389","6044922508"
"9390","6044926403"
"9391","7785222268"
"9392","6049336272"
"9393","6049365486"
"9394","6049375618"
"9395","7787319381"
"9396","6049330775"
"9397","6044925529"
"9398","6049492405"
"9399","6049337922"
"9400","6049340130"
"9401","7787312464"
"9402","6049371146"
"9403","6049368521"
"9404","6049371691"
"9405","6049395969"
"9406","6049376627"
"9407","6049494091"
"9408","6049494616"
"9409","6044614627"
"9410","6049364683"
"9411","6049337904"
"9412","7787318511"
"9413","6049335962"
"9414","6044617085"
"9415","6044617174"
"9416","6049333494"
"9417","6049371515"
"9418","6049315137"
"9419","6044619924"
"9420","6049364978"
"9421","7785226202"
"9422","7783552796"
"9423","6049342882"
"9424","6049312684"
"9425","7787313432"
"9426","6044618751"
"9427","6049370765"
"9428","7782176492"
"9429","7783555163"
"9430","6049375547"
"9431","6044925084"
"9432","6044921757"
"9433","6044925112"
"9434","6049319626"
"9435","7782171685"
"9436","6044693279"
"9437","6044928182"
"9438","6049178070"
"9439","6049341149"
"9440","6049174350"
"9441","6049170329"
"9442","6044924111"
"9443","6044692861"
"9444","7787310919"
"9445","6049398598"
"9446","6049366263"
"9447","6049334614"
"9448","6044615382"
"9449","6049317311"
"9450","6049369126"
"9451","6044613234"
"9452","6044618604"
"9453","6049493536"
"9454","7787319360"
"9455","6049332841"
"9456","7782724302"
"9457","7782722559"
"9458","6049330179"
"9459","7782177113"
"9460","7785223805"
"9461","6044619565"
"9462","6049399419"
"9463","6044698366"
"9464","6049371614"
"9465","6049338483"
"9466","6049172591"
"9467","6049371531"
"9468","6049360801"
"9469","7782176190"
"9470","6049336662"
"9471","6044614619"
"9472","7783550279"
"9473","6049373048"
"9474","6049349925"
"9475","6049398857"
"9476","7783553360"
"9477","6049342706"
"9478","6044694538"
"9479","7782173775"
"9480","7787312567"
"9481","6044699402"
"9482","6044928550"
"9483","6044612517"
"9484","6049318606"
"9485","6049392137"
"9486","7782177057"
"9487","6044698289"
"9488","6044615204"
"9489","6049495540"
"9490","6049319490"
"9491","7787318492"
"9492","6049311314"
"9493","6044696477"
"9494","7782725849"
"9495","7785225072"
"9496","6044612463"
"9497","6049346229"
"9498","7782724963"
"9499","7785228024"
"9500","7787315233"
"9501","6049378291"
"9502","6044610494"
"9503","6044692793"
"9504","7782176616"
"9505","6044619875"
"9506","6049391414"
"9507","6049375866"
"9508","7783559066"
"9509","6044697409"
"9510","6049333001"
"9511","6049310304"
"9512","6049178772"
"9513","7787318732"
"9514","7782726125"
"9515","6044927231"
"9516","6049310469"
"9517","6049313960"
"9518","6049373129"
"9519","6049491938"
"9520","6049178241"
"9521","6049338775"
"9522","6049372233"
"9523","7782176349"
"9524","6049172185"
"9525","6049366818"
"9526","6049174210"
"9527","7783556765"
"9528","7783550937"
"9529","6049494832"
"9530","6049397839"
"9531","6044612641"
"9532","6049392798"
"9533","6049378318"
"9534","6049312193"
"9535","7782728579"
"9536","7783552842"
"9537","6049176888"
"9538","7787319358"
"9539","6049375302"
"9540","6044616637"
"9541","6049361119"
"9542","6049365900"
"9543","6049399497"
"9544","7783551591"
"9545","7782721566"
"9546","7783559785"
"9547","6049311541"
"9548","7785221387"
"9549","6044619624"
"9550","6044696184"
"9551","6049344794"
"9552","7785229595"
"9553","6044923627"
"9554","6044694204"
"9555","6049347133"
"9556","7785224358"
"9557","6049492215"
"9558","7787318187"
"9559","7787319776"
"9560","7782170907"
"9561","7785221822"
"9562","6044925548"
"9563","7785229370"
"9564","6049348584"
"9565","6049332504"
"9566","6049366242"
"9567","6044695813"
"9568","7783553240"
"9569","6049178132"
"9570","6044614847"
"9571","6044921176"
"9572","7785229588"
"9573","6049370675"
"9574","6049171377"
"9575","7787312832"
"9576","6049396133"
"9577","6044690070"
"9578","6049396098"
"9579","7785229376"
"9580","6049334086"
"9581","6049173320"
"9582","7783555189"
"9583","7782173629"
"9584","6049178924"
"9585","6049336567"
"9586","7783550932"
"9587","7785221265"
"9588","7782172112"
"9589","7787316142"
"9590","7782173238"
"9591","7787313656"
"9592","6049365895"
"9593","7782170840"
"9594","6049332552"
"9595","6049330317"
"9596","7782729007"
"9597","6044698906"
"9598","6049495086"
"9599","6049374015"
"9600","6049315299"
"9601","7782728891"
"9602","6044921454"
"9603","7783559181"
"9604","7785223032"
"9605","6044616825"
"9606","6049374835"
"9607","6049491746"
"9608","6049341109"
"9609","7782174051"
"9610","6049343534"
"9611","6049341325"
"9612","6049346744"
"9613","6049319192"
"9614","7783551427"
"9615","6049314292"
"9616","7782179769"
"9617","6049318691"
"9618","6049178399"
"9619","6049332060"
"9620","6049399841"
"9621","7787317752"
"9622","6049319560"
"9623","6049347787"
"9624","6044920597"
"9625","6044618569"
"9626","6049315181"
"9627","7783556319"
"9628","6049392892"
"9629","6049374144"
"9630","7783551454"
"9631","6049176689"
"9632","6044617841"
"9633","6049177976"
"9634","6044694396"
"9635","6044927518"
"9636","7783550147"
"9637","6044697013"
"9638","6044612093"
"9639","7785224341"
"9640","6049349689"
"9641","6049341044"
"9642","7783557394"
"9643","6049338120"
"9644","6049346616"
"9645","6049347409"
"9646","6049376455"
"9647","7782177548"
"9648","7785223960"
"9649","6049391328"
"9650","6049310121"
"9651","7782728476"
"9652","7782720701"
"9653","6049338318"
"9654","6049316036"
"9655","6044697649"
"9656","6044611440"
"9657","7785223844"
"9658","6049364612"
"9659","6044615211"
"9660","6044923412"
"9661","6049315447"
"9662","7782728241"
"9663","6049179497"
"9664","7783553626"
"9665","6044690610"
"9666","6049343713"
"9667","6049311490"
"9668","6044614978"
"9669","6049395429"
"9670","6049378041"
"9671","6049393553"
"9672","7782178397"
"9673","6049341124"
"9674","6049370086"
"9675","6049349290"
"9676","6044929553"
"9677","6049392182"
"9678","6049394313"
"9679","6049393764"
"9680","6049377217"
"9681","7787311286"
"9682","7782176930"
"9683","7785224004"
"9684","6044612675"
"9685","6044924705"
"9686","6049378811"
"9687","6044694027"
"9688","6049344681"
"9689","6049375076"
"9690","7785228926"
"9691","6049394759"
"9692","6049362261"
"9693","7782173951"
"9694","6044925816"
"9695","7785228534"
"9696","6049394466"
"9697","6049492741"
"9698","6044612320"
"9699","6044926579"
"9700","7785225957"
"9701","7783555188"
"9702","6049170096"
"9703","6049390425"
"9704","6049318064"
"9705","6049343125"
"9706","6049173566"
"9707","7782176024"
"9708","6049377142"
"9709","7782720843"
"9710","6049177524"
"9711","6049398370"
"9712","6049319113"
"9713","6044694510"
"9714","6049373945"
"9715","6044696995"
"9716","6049174363"
"9717","6049331125"
"9718","6049173103"
"9719","7785228311"
"9720","6044927954"
"9721","6049178883"
"9722","7783555252"
"9723","6049174943"
"9724","6044928263"
"9725","7783558023"
"9726","6049174414"
"9727","6049339612"
"9728","7782179320"
"9729","6049316310"
"9730","6049332535"
"9731","7783555577"
"9732","6049367681"
"9733","6049377169"
"9734","6049496185"
"9735","7782726719"
"9736","7785222260"
"9737","6044694333"
"9738","7782174424"
"9739","6044611635"
"9740","7782173010"
"9741","7787318037"
"9742","6049177002"
"9743","6044927987"
"9744","7782722126"
"9745","6049178840"
"9746","7785223007"
"9747","7782179050"
"9748","7782727176"
"9749","6049495401"
"9750","7783557802"
"9751","6044613721"
"9752","6044692200"
"9753","7785229611"
"9754","6049490035"
"9755","6049493835"
"9756","6044696200"
"9757","6049497333"
"9758","7783553515"
"9759","6049312970"
"9760","6044613332"
"9761","7782724928"
"9762","6049373993"
"9763","7782177201"
"9764","6049363429"
"9765","6049310295"
"9766","6049396137"
"9767","6049175255"
"9768","6044694643"
"9769","6049362433"
"9770","6044690324"
"9771","7782729460"
"9772","6049365236"
"9773","6049399541"
"9774","6049313671"
"9775","6044926918"
"9776","7782727429"
"9777","7782174821"
"9778","6049369363"
"9779","6049340071"
"9780","6044615521"
"9781","7783559084"
"9782","6049395330"
"9783","6049310882"
"9784","7783558996"
"9785","6044921497"
"9786","6049173975"
"9787","6049367414"
"9788","6049360429"
"9789","6044613459"
"9790","7787313643"
"9791","7782726831"
"9792","6049346004"
"9793","7782728628"
"9794","7782723918"
"9795","6044693208"
"9796","6049175761"
"9797","7783554408"
"9798","6044690859"
"9799","7782726891"
"9800","6044925034"
"9801","6044928995"
"9802","7785222505"
"9803","6049347094"
"9804","6049369429"
"9805","6049393767"
"9806","6049361984"
"9807","7782724960"
"9808","6044695166"
"9809","6049332342"
"9810","6044696371"
"9811","7785228659"
"9812","7782173960"
"9813","7785220149"
"9814","6049371923"
"9815","7783557331"
"9816","6044695732"
"9817","6049335478"
"9818","6049496869"
"9819","6049175579"
"9820","7785226376"
"9821","6049170654"
"9822","7782722019"
"9823","6049366813"
"9824","7785222934"
"9825","6049332943"
"9826","7782178640"
"9827","7782178013"
"9828","6049177512"
"9829","7783555634"
"9830","7783558127"
"9831","7787313528"
"9832","6049342713"
"9833","7782720445"
"9834","6049491781"
"9835","7785222180"
"9836","7787313935"
"9837","7785220970"
"9838","6049365748"
"9839","7785226170"
"9840","7782728062"
"9841","6049310281"
"9842","6049364153"
"9843","6049491347"
"9844","7782170008"
"9845","6049392317"
"9846","6049310760"
"9847","7785226612"
"9848","6049396606"
"9849","6049498667"
"9850","6049175200"
"9851","6049377802"
"9852","6049397676"
"9853","6049313557"
"9854","6049372139"
"9855","6049345344"
"9856","6044926806"
"9857","6049176685"
"9858","7785221307"
"9859","7782177408"
"9860","6049174286"
"9861","7783553990"
"9862","6049367471"
"9863","6049342048"
"9864","7785227183"
"9865","6049342765"
"9866","6049315970"
"9867","6049374418"
"9868","7782170661"
"9869","6044698570"
"9870","6049498554"
"9871","7785227097"
"9872","6049330292"
"9873","6049396680"
"9874","6049494714"
"9875","6044694674"
"9876","7787312797"
"9877","6049178821"
"9878","6049330881"
"9879","6049393817"
"9880","6044694375"
"9881","6049398270"
"9882","7783555130"
"9883","6049491022"
"9884","6044691607"
"9885","6044618129"
"9886","7787313958"
"9887","6049499575"
"9888","6044927195"
"9889","6044929828"
"9890","6049395747"
"9891","6044615768"
"9892","7787310711"
"9893","7785220156"
"9894","6049334213"
"9895","6044695788"
"9896","6049373911"
"9897","6049173090"
"9898","6044920941"
"9899","6049173890"
"9900","7787314195"
"9901","6049362388"
"9902","6049310142"
"9903","6049393510"
"9904","7782724340"
"9905","7783550943"
"9906","6049398891"
"9907","6049340224"
"9908","7785223682"
"9909","6049496256"
"9910","7782171310"
"9911","7783551307"
"9912","7787311852"
"9913","6049499728"
"9914","7785222552"
"9915","6049495454"
"9916","6044694967"
"9917","6049399310"
"9918","7783555618"
"9919","6049170594"
"9920","6044611693"
"9921","6049170047"
"9922","6044613529"
"9923","6049495941"
"9924","6044611267"
"9925","6044612229"
"9926","6049312148"
"9927","7787314621"
"9928","6044693362"
"9929","7782722461"
"9930","6049376880"
"9931","6049314923"
"9932","6049341945"
"9933","7782178697"
"9934","6049367685"
"9935","6049371507"
"9936","6049498272"
"9937","6044922870"
"9938","6049373222"
"9939","6049346712"
"9940","7785224066"
"9941","6049340073"
"9942","6049397868"
"9943","7787314757"
"9944","6049493624"
"9945","6044921600"
"9946","7782723268"
"9947","7782175929"
"9948","7782725694"
"9949","7783554318"
"9950","6049346427"
"9951","6049332562"
"9952","7782726726"
"9953","6049172879"
"9954","6049314990"
"9955","6049494619"
"9956","6049391506"
"9957","6049170882"
"9958","6044693282"
"9959","6049344819"
"9960","6049397403"
"9961","6049338491"
"9962","6044612496"
"9963","7782721702"
"9964","7782176056"
"9965","6049337606"
"9966","6049310515"
"9967","6049491712"
"9968","6044923482"
"9969","6049372305"
"9970","6049177596"
"9971","6049339696"
"9972","7785228540"
"9973","6044920282"
"9974","6044691599"
"9975","6044929198"
"9976","7783554198"
"9977","6044614446"
"9978","6049499014"
"9979","6044616778"
"9980","6049175865"
"9981","6044615766"
"9982","6049172170"
"9983","7782726821"
"9984","7787311297"
"9985","7782729871"
"9986","6044611205"
"9987","6049310175"
"9988","7783557329"
"9989","6049365992"
"9990","7783558607"
"9991","6049315432"
"9992","7783553884"
"9993","6049371310"
"9994","7787317497"
"9995","7782725714"
"9996","7782724423"
"9997","7782175704"
"9998","6049335439"
"9999","7787319191"
"10000","7782170511"
"10001","6044923421"
"10002","7785221747"
"10003","6044611125"
"10004","6044610941"
"10005","6049497497"
"10006","6049394477"
"10007","7785229206"
"10008","6049172892"
"10009","7783552950"
"10010","6044614756"
"10011","6049363994"
"10012","6044925116"
"10013","6049332456"
"10014","6044619452"
"10015","6049376762"
"10016","6049330169"
"10017","6044923570"
"10018","6049334839"
"10019","7785228460"
"10020","6049176678"
"10021","6049340768"
"10022","7782175746"
"10023","6049341437"
"10024","6049312564"
"10025","7785221274"
"10026","7785225862"
"10027","6049179682"
"10028","6049367638"
"10029","6044697350"
"10030","7782178917"
"10031","6049331488"
"10032","7782722492"
"10033","6049494077"
"10034","6049315741"
"10035","7783556713"
"10036","6044920712"
"10037","7783555525"
"10038","6049332570"
"10039","7782724284"
"10040","6049499953"
"10041","7787310309"
"10042","6049339500"
"10043","7785221079"
"10044","6044693356"
"10045","6044695022"
"10046","6044920322"
"10047","6049497009"
"10048","6049390323"
"10049","6044692829"
"10050","6049490091"
"10051","6049345844"
"10052","7785223721"
"10053","6049314173"
"10054","6044697050"
"10055","6049334128"
"10056","7783559916"
"10057","6044922366"
"10058","7782178181"
"10059","6049492029"
"10060","7785221300"
"10061","6049333585"
"10062","7782725336"
"10063","7782179778"
"10064","6049317777"
"10065","6049170266"
"10066","7782726042"
"10067","6049313759"
"10068","6049348609"
"10069","6049361016"
"10070","7783556752"
"10071","6049374337"
"10072","6049335600"
"10073","6044694723"
"10074","6049333027"
"10075","6044690746"
"10076","6049316821"
"10077","6044692505"
"10078","7787317653"
"10079","7785228817"
"10080","7787314994"
"10081","6049310334"
"10082","6044614536"
"10083","6049493828"
"10084","6049345243"
"10085","7787311593"
"10086","6044693491"
"10087","7782171548"
"10088","6049496474"
"10089","6049377088"
"10090","6044692546"
"10091","6049174845"
"10092","6049366519"
"10093","6049318952"
"10094","6049495215"
"10095","6049399982"
"10096","7782174666"
"10097","6049396847"
"10098","6044613655"
"10099","6049399770"
"10100","7783553919"
"10101","7782726733"
"10102","7787315384"
"10103","6049341041"
"10104","6049398039"
"10105","6049337541"
"10106","6049372066"
"10107","7783555164"
"10108","7785224988"
"10109","6044614677"
"10110","7785226387"
"10111","7787319679"
"10112","7782721133"
"10113","6049339230"
"10114","6044926965"
"10115","6049371471"
"10116","7783550764"
"10117","7782176284"
"10118","6044921181"
"10119","6049399044"
"10120","6044613333"
"10121","6049392013"
"10122","7787314075"
"10123","6049399621"
"10124","6049319289"
"10125","6049374964"
"10126","7783558871"
"10127","6049377451"
"10128","6049315662"
"10129","6049342276"
"10130","7787312288"
"10131","6044611520"
"10132","6049492842"
"10133","6049311824"
"10134","6049494492"
"10135","6044611661"
"10136","6049377122"
"10137","6049490893"
"10138","6049496101"
"10139","6049377985"
"10140","7782179728"
"10141","6049334615"
"10142","6049333175"
"10143","7783554759"
"10144","6049366311"
"10145","6049490124"
"10146","7787310524"
"10147","6049332532"
"10148","6044929135"
"10149","7787312463"
"10150","7785225378"
"10151","6049375128"
"10152","6049172704"
"10153","6049339521"
"10154","6049392588"
"10155","6044616024"
"10156","7783558601"
"10157","6049332068"
"10158","6049179960"
"10159","6049394892"
"10160","6049393194"
"10161","7783550655"
"10162","6044614939"
"10163","6049316745"
"10164","6044696507"
"10165","6049394794"
"10166","6049340464"
"10167","6049339597"
"10168","7783558654"
"10169","7785226641"
"10170","6049369964"
"10171","7783551359"
"10172","6044614292"
"10173","6049399571"
"10174","6049377679"
"10175","7782727485"
"10176","6049395348"
"10177","6049491360"
"10178","6049364062"
"10179","7782173956"
"10180","6049334586"
"10181","7782725150"
"10182","6049332040"
"10183","6044923393"
"10184","6044921511"
"10185","7782721228"
"10186","6049332235"
"10187","7782721706"
"10188","6049364170"
"10189","6049368985"
"10190","6049317084"
"10191","6049377191"
"10192","6049337589"
"10193","7787312564"
"10194","6049172391"
"10195","7783559643"
"10196","6044614988"
"10197","7785223443"
"10198","6044927133"
"10199","7785226342"
"10200","6049173752"
"10201","7783551372"
"10202","6049330036"
"10203","7787310358"
"10204","7782728645"
"10205","6049314676"
"10206","7782171966"
"10207","7787319208"
"10208","6044698846"
"10209","6049347909"
"10210","6049376849"
"10211","6044921615"
"10212","6044923266"
"10213","7782170177"
"10214","6049331083"
"10215","6049368207"
"10216","6049360837"
"10217","7783550979"
"10218","6049319521"
"10219","7782721940"
"10220","7785227191"
"10221","6049378321"
"10222","6044613062"
"10223","6049377318"
"10224","6044929302"
"10225","6049310707"
"10226","7785225591"
"10227","6049376625"
"10228","6049397540"
"10229","6049344645"
"10230","7785228803"
"10231","7787314656"
"10232","6044924034"
"10233","6049391489"
"10234","7785221200"
"10235","7783552864"
"10236","6049363009"
"10237","7783557338"
"10238","6049397789"
"10239","6049346627"
"10240","6049363424"
"10241","6049369117"
"10242","6049397579"
"10243","7785223623"
"10244","6049492543"
"10245","6049377875"
"10246","7787314330"
"10247","6049315663"
"10248","7782176589"
"10249","6049378471"
"10250","6049318690"
"10251","7787314685"
"10252","7782173761"
"10253","6049373547"
"10254","6044697532"
"10255","6044611035"
"10256","6049498994"
"10257","7782174695"
"10258","7787310311"
"10259","6044611398"
"10260","6049363690"
"10261","7787312950"
"10262","7785221419"
"10263","7787314954"
"10264","7783559677"
"10265","6044927982"
"10266","7783553751"
"10267","6049365509"
"10268","6049492027"
"10269","6049397221"
"10270","7783552350"
"10271","6049399753"
"10272","7785222056"
"10273","6044698268"
"10274","6044618551"
"10275","7785222616"
"10276","7782173821"
"10277","7782177819"
"10278","6044922354"
"10279","6049348470"
"10280","7785226030"
"10281","7787317225"
"10282","6049340921"
"10283","6044922224"
"10284","6044695562"
"10285","6049315161"
"10286","6049330908"
"10287","6049496396"
"10288","6049499487"
"10289","6044617694"
"10290","6049177075"
"10291","6049492644"
"10292","6049311049"
"10293","6049494594"
"10294","6049378675"
"10295","7782172088"
"10296","6049332023"
"10297","7782173108"
"10298","6049364465"
"10299","6049173226"
"10300","6049378171"
"10301","7782729709"
"10302","6049377654"
"10303","6044691857"
"10304","6049498534"
"10305","6049344921"
"10306","6049172262"
"10307","6044699563"
"10308","6044697379"
"10309","6049312949"
"10310","6049374149"
"10311","6049499964"
"10312","6044690277"
"10313","7782729544"
"10314","6049361356"
"10315","6049338824"
"10316","6049333564"
"10317","7787313637"
"10318","6049340183"
"10319","6044611882"
"10320","6049393751"
"10321","7782171475"
"10322","6049379435"
"10323","6049310859"
"10324","7787315090"
"10325","7782173284"
"10326","7782175933"
"10327","6049362656"
"10328","7782727375"
"10329","6049399344"
"10330","7787318654"
"10331","6044615931"
"10332","6049174248"
"10333","6049399379"
"10334","6044695977"
"10335","6049374018"
"10336","6049332371"
"10337","6044929769"
"10338","6049498721"
"10339","7782729930"
"10340","6049390202"
"10341","6049330346"
"10342","6049344746"
"10343","6049315830"
"10344","6049339146"
"10345","6049374255"
"10346","6049343600"
"10347","7782178020"
"10348","7783557791"
"10349","6049499010"
"10350","6044920680"
"10351","7783556512"
"10352","6049497353"
"10353","6049313519"
"10354","6044928802"
"10355","6049176270"
"10356","6044690717"
"10357","6049330486"
"10358","6044612057"
"10359","7783550919"
"10360","6049170213"
"10361","6049341712"
"10362","7782723825"
"10363","6049179938"
"10364","7785227674"
"10365","6049347521"
"10366","7785224852"
"10367","6049178323"
"10368","6044610598"
"10369","6044925453"
"10370","6044924612"
"10371","7787318747"
"10372","6049490510"
"10373","6049499514"
"10374","6049311365"
"10375","6049391859"
"10376","7787312461"
"10377","6049496377"
"10378","7782728156"
"10379","7785228334"
"10380","6049333584"
"10381","6049349476"
"10382","6049313010"
"10383","6049317774"
"10384","6049314241"
"10385","6049313512"
"10386","7783558271"
"10387","7783553634"
"10388","6044614160"
"10389","7787313403"
"10390","6044690647"
"10391","7782175162"
"10392","6044693388"
"10393","7783554059"
"10394","7782724890"
"10395","7787316444"
"10396","6044924353"
"10397","6049334543"
"10398","7782178334"
"10399","6044617198"
"10400","6044614711"
"10401","6049370959"
"10402","6049171522"
"10403","6049362999"
"10404","6049390673"
"10405","7783552771"
"10406","6049348059"
"10407","6044615312"
"10408","6044928745"
"10409","6049360794"
"10410","6044922672"
"10411","6044698220"
"10412","6044920485"
"10413","6049494956"
"10414","6044613061"
"10415","6049490857"
"10416","6044694649"
"10417","6049379212"
"10418","7783555021"
"10419","7787318794"
"10420","6049333423"
"10421","7782728706"
"10422","6049377649"
"10423","6049391208"
"10424","7783554982"
"10425","6044690759"
"10426","6049313349"
"10427","7783553741"
"10428","6044618611"
"10429","6049346698"
"10430","6044699893"
"10431","6049360804"
"10432","6049177962"
"10433","6049363963"
"10434","6044617377"
"10435","7787312752"
"10436","7785225613"
"10437","6049344594"
"10438","6044617876"
"10439","7785223172"
"10440","7782726932"
"10441","6049330326"
"10442","6049348836"
"10443","6049375361"
"10444","6044927869"
"10445","6049331970"
"10446","6049310353"
"10447","6044614481"
"10448","7782722137"
"10449","7785229307"
"10450","6044611460"
"10451","6049176483"
"10452","6049398202"
"10453","6049496613"
"10454","6049179138"
"10455","7782729436"
"10456","6049174667"
"10457","6049392551"
"10458","6044690673"
"10459","7785224190"
"10460","7783556167"
"10461","6049176092"
"10462","6049499089"
"10463","6049363409"
"10464","7782179772"
"10465","7782727274"
"10466","6044924505"
"10467","7785221481"
"10468","6049314682"
"10469","6049399345"
"10470","7782724549"
"10471","7782722686"
"10472","6049346104"
"10473","6049490675"
"10474","6049495095"
"10475","6049311746"
"10476","7783551629"
"10477","6049347815"
"10478","6049178441"
"10479","7783554696"
"10480","7787318090"
"10481","7782174352"
"10482","6049376982"
"10483","6049371208"
"10484","7782723998"
"10485","7783553207"
"10486","7782170959"
"10487","6049316744"
"10488","7785222227"
"10489","6049498643"
"10490","6049360862"
"10491","6049337230"
"10492","6049310227"
"10493","6049374638"
"10494","6049395935"
"10495","7782722707"
"10496","6049496644"
"10497","6049379827"
"10498","7782721070"
"10499","6049315854"
"10500","7782720740"
"10501","6044925008"
"10502","6049177448"
"10503","7783552060"
"10504","6049172140"
"10505","6049335218"
"10506","7787311506"
"10507","6049315368"
"10508","6049336734"
"10509","6044923829"
"10510","7785220322"
"10511","7787310458"
"10512","7783554062"
"10513","7785223016"
"10514","6044618120"
"10515","6049312046"
"10516","6049178327"
"10517","6044696246"
"10518","6049374343"
"10519","6049376867"
"10520","7785228500"
"10521","6049371007"
"10522","7785227047"
"10523","6049174599"
"10524","6049363954"
"10525","6044928100"
"10526","6044926002"
"10527","7785228722"
"10528","6044697370"
"10529","6049172718"
"10530","7785228732"
"10531","6044613561"
"10532","6049375612"
"10533","6049494233"
"10534","6044923040"
"10535","6049331552"
"10536","6049312188"
"10537","7787314749"
"10538","6049335233"
"10539","6049310055"
"10540","6044922148"
"10541","7787311758"
"10542","7787317386"
"10543","6049317023"
"10544","7783556497"
"10545","7782728442"
"10546","6044690479"
"10547","7785229450"
"10548","6049365945"
"10549","6044611253"
"10550","6049396899"
"10551","7782174398"
"10552","7782171356"
"10553","6049315954"
"10554","6049374467"
"10555","6049360205"
"10556","6049336477"
"10557","6049342294"
"10558","6044922577"
"10559","7782176921"
"10560","6049364364"
"10561","6049177161"
"10562","6049398088"
"10563","6049493100"
"10564","7785220516"
"10565","7783558731"
"10566","6044692284"
"10567","7787312722"
"10568","6049398640"
"10569","6049495494"
"10570","6049176142"
"10571","6049334588"
"10572","6049347343"
"10573","6049398383"
"10574","6049393432"
"10575","6049379431"
"10576","6044618026"
"10577","7783556869"
"10578","6049348924"
"10579","7787317656"
"10580","7785228198"
"10581","7785228395"
"10582","6044699017"
"10583","7785227075"
"10584","7782171019"
"10585","6044691746"
"10586","6049360039"
"10587","6044694648"
"10588","7782170957"
"10589","6049392452"
"10590","6049393211"
"10591","7783558760"
"10592","6049491429"
"10593","6049392466"
"10594","6049178515"
"10595","6049496261"
"10596","7782179124"
"10597","7782175516"
"10598","6049395942"
"10599","7782170284"
"10600","6049399939"
"10601","6049492608"
"10602","6049346164"
"10603","6049310909"
"10604","6049495757"
"10605","6049343514"
"10606","6049332101"
"10607","6044694350"
"10608","7782179694"
"10609","6049340774"
"10610","6049374275"
"10611","6049330251"
"10612","6044612908"
"10613","6049330599"
"10614","6044926919"
"10615","6044928440"
"10616","6049390075"
"10617","7783559315"
"10618","7782721085"
"10619","6049394021"
"10620","7785223243"
"10621","7782178297"
"10622","7782176648"
"10623","7785228959"
"10624","6049364228"
"10625","7783550264"
"10626","7782722372"
"10627","6049172940"
"10628","6049366302"
"10629","6044616839"
"10630","6044693327"
"10631","7782721137"
"10632","6049496890"
"10633","6049390885"
"10634","7782174899"
"10635","6049342258"
"10636","7782170416"
"10637","6049317404"
"10638","6049172104"
"10639","7783558688"
"10640","7782173350"
"10641","7782175208"
"10642","7785229834"
"10643","6049338337"
"10644","6044927900"
"10645","7782729023"
"10646","6049366078"
"10647","7782721569"
"10648","7783551550"
"10649","7782176488"
"10650","6044928079"
"10651","6049179144"
"10652","6049314930"
"10653","6044922843"
"10654","6049495503"
"10655","7782178489"
"10656","7787317243"
"10657","6044694323"
"10658","6049177600"
"10659","6044610729"
"10660","7782729631"
"10661","6049344698"
"10662","7785224622"
"10663","6044693840"
"10664","6049378465"
"10665","6049396437"
"10666","6044698555"
"10667","7782725018"
"10668","7787312053"
"10669","6049396057"
"10670","6049170034"
"10671","7787312851"
"10672","6049498914"
"10673","6049395441"
"10674","6049369216"
"10675","6044920618"
"10676","6049333447"
"10677","6049310157"
"10678","6049372422"
"10679","6049314848"
"10680","6044921080"
"10681","6044615876"
"10682","7785225293"
"10683","7783553257"
"10684","6049346939"
"10685","6044694785"
"10686","6044619613"
"10687","6049339287"
"10688","6049316994"
"10689","6049490475"
"10690","6049337219"
"10691","6044699695"
"10692","6049367466"
"10693","6049337918"
"10694","6049332058"
"10695","6049369822"
"10696","6049366439"
"10697","6049490133"
"10698","7783557311"
"10699","6049332117"
"10700","6049365140"
"10701","6044696654"
"10702","6049177895"
"10703","6049318195"
"10704","6044929549"
"10705","6044611334"
"10706","6049316696"
"10707","6049313189"
"10708","7783550214"
"10709","6049319820"
"10710","6049366862"
"10711","6044696482"
"10712","7783556766"
"10713","7787310397"
"10714","7785225815"
"10715","7783554039"
"10716","6049495790"
"10717","6049377638"
"10718","6049373690"
"10719","7787316117"
"10720","7782726963"
"10721","6044699489"
"10722","7782720326"
"10723","6044618232"
"10724","7782722351"
"10725","7785229992"
"10726","6044691786"
"10727","6049393690"
"10728","6049363041"
"10729","7782727184"
"10730","7782722913"
"10731","7787310811"
"10732","6049368853"
"10733","6044924909"
"10734","6049316548"
"10735","6049497781"
"10736","7782720193"
"10737","6049362610"
"10738","7782174620"
"10739","6049345986"
"10740","6049170572"
"10741","6049315475"
"10742","6044611725"
"10743","6049378885"
"10744","7785226797"
"10745","7785224668"
"10746","6049361455"
"10747","6049395272"
"10748","6049346999"
"10749","6049360110"
"10750","6049394803"
"10751","6049316369"
"10752","6049176821"
"10753","6044617226"
"10754","7787319713"
"10755","7782724591"
"10756","7783555940"
"10757","6049494614"
"10758","6049379266"
"10759","6049345807"
"10760","6049376463"
"10761","6044929955"
"10762","6044613764"
"10763","6049394007"
"10764","7787310422"
"10765","7783550347"
"10766","6049499641"
"10767","6044697726"
"10768","6044927476"
"10769","6049319498"
"10770","6049312016"
"10771","6049494795"
"10772","6049337502"
"10773","6049316731"
"10774","7785220527"
"10775","6049366773"
"10776","6049339695"
"10777","6049339059"
"10778","7787317876"
"10779","6044923624"
"10780","6049348192"
"10781","6049340170"
"10782","6044617061"
"10783","6044927884"
"10784","6049175410"
"10785","6044924880"
"10786","7782721726"
"10787","6049362829"
"10788","7782172189"
"10789","6049362136"
"10790","7782722809"
"10791","7785226262"
"10792","6049379194"
"10793","6049314941"
"10794","6049337836"
"10795","6049393879"
"10796","6049335842"
"10797","7787312546"
"10798","7787316823"
"10799","6049495849"
"10800","6049391989"
"10801","7785223681"
"10802","6044617897"
"10803","6044693910"
"10804","7787316752"
"10805","6049178715"
"10806","6049341420"
"10807","6044924319"
"10808","7787315333"
"10809","6044692298"
"10810","6049342951"
"10811","7785225157"
"10812","6049366383"
"10813","7782173444"
"10814","6044928285"
"10815","6049317443"
"10816","7783555036"
"10817","6049335771"
"10818","7782174864"
"10819","7787319286"
"10820","6044922771"
"10821","6049348142"
"10822","7787316295"
"10823","6049390242"
"10824","6049492600"
"10825","6049392007"
"10826","6049171442"
"10827","6049492570"
"10828","7782728584"
"10829","7785220792"
"10830","6049363104"
"10831","6049316090"
"10832","7782722723"
"10833","7782170835"
"10834","6044611080"
"10835","7785222689"
"10836","6049318573"
"10837","6044925187"
"10838","7787313683"
"10839","7787316314"
"10840","6049175830"
"10841","6049392451"
"10842","6049377485"
"10843","7782175120"
"10844","6049343030"
"10845","6044699590"
"10846","7787318118"
"10847","6049399734"
"10848","6049349665"
"10849","7785220643"
"10850","6044617157"
"10851","7787315638"
"10852","7782173159"
"10853","7787319687"
"10854","6044696322"
"10855","6049171884"
"10856","7783552920"
"10857","6044928057"
"10858","6044692821"
"10859","7782725628"
"10860","6049338822"
"10861","6044618340"
"10862","6044613735"
"10863","6049171542"
"10864","6049490787"
"10865","6044920885"
"10866","6049314295"
"10867","7785221291"
"10868","6049314727"
"10869","7782170073"
"10870","6049318642"
"10871","6049399895"
"10872","7783550766"
"10873","7782724505"
"10874","7787312305"
"10875","6049349903"
"10876","7783556624"
"10877","6049363918"
"10878","6049173545"
"10879","6049365148"
"10880","7787311066"
"10881","6049368154"
"10882","6049170541"
"10883","6044928060"
"10884","6049340675"
"10885","6049395932"
"10886","6044922206"
"10887","6049392390"
"10888","7785222149"
"10889","6049310058"
"10890","7782173554"
"10891","6044926962"
"10892","6049493389"
"10893","6049396027"
"10894","6044611868"
"10895","7782728191"
"10896","6049174086"
"10897","6049171760"
"10898","7787312009"
"10899","6044699230"
"10900","6049395981"
"10901","6044617192"
"10902","6044924884"
"10903","6049399491"
"10904","7785220899"
"10905","7782722627"
"10906","6049394473"
"10907","7787318850"
"10908","6044924917"
"10909","6049496680"
"10910","6044699359"
"10911","7782174013"
"10912","6049312811"
"10913","6049495763"
"10914","6044618028"
"10915","6049494435"
"10916","6049361995"
"10917","6049332099"
"10918","7783559699"
"10919","6049318453"
"10920","7782176326"
"10921","6049334601"
"10922","7785223599"
"10923","6049391615"
"10924","6049493622"
"10925","6044923268"
"10926","6049176797"
"10927","7787310039"
"10928","6044615658"
"10929","6044616574"
"10930","6044927270"
"10931","7785227831"
"10932","7782171851"
"10933","7782724667"
"10934","6049316053"
"10935","7782720748"
"10936","6049336841"
"10937","6044692162"
"10938","7785228475"
"10939","6049177374"
"10940","7783558870"
"10941","6044611008"
"10942","6049176381"
"10943","6049369943"
"10944","6049348023"
"10945","6049313772"
"10946","7783557800"
"10947","6049494872"
"10948","6049490352"
"10949","6044694539"
"10950","6049339141"
"10951","6044617162"
"10952","6049376792"
"10953","6049368110"
"10954","7785224242"
"10955","6049369091"
"10956","6049171589"
"10957","6049318752"
"10958","6044925642"
"10959","7785222226"
"10960","6044696462"
"10961","6044617492"
"10962","6049316830"
"10963","7782729154"
"10964","7785227108"
"10965","7787316359"
"10966","7782727864"
"10967","6049347262"
"10968","7783558085"
"10969","6049343230"
"10970","6049334363"
"10971","7782171600"
"10972","6049318962"
"10973","6049361450"
"10974","6049334017"
"10975","7785228665"
"10976","7782175798"
"10977","7783557511"
"10978","6049335657"
"10979","6049364795"
"10980","6044698279"
"10981","7782729797"
"10982","7783553647"
"10983","6044695015"
"10984","7787318647"
"10985","7787311471"
"10986","7782729377"
"10987","6049340636"
"10988","7785222733"
"10989","6049370663"
"10990","7782177603"
"10991","7782177149"
"10992","7782170708"
"10993","6049374404"
"10994","6049399239"
"10995","7782720711"
"10996","6049335251"
"10997","6049396835"
"10998","6049311034"
"10999","6049174942"
"11000","6049499586"
"11001","6049174555"
"11002","6049175089"
"11003","6049345659"
"11004","6049364746"
"11005","6049334276"
"11006","6044692613"
"11007","7782178631"
"11008","6044618836"
"11009","6049339163"
"11010","6049395504"
"11011","6049313897"
"11012","6044928188"
"11013","6049339003"
"11014","6044928468"
"11015","6044695915"
"11016","6044693605"
"11017","7785222686"
"11018","7785221126"
"11019","6049330210"
"11020","6049174099"
"11021","6049171351"
"11022","6049370343"
"11023","6049333337"
"11024","6049330523"
"11025","6044611177"
"11026","6044690009"
"11027","6044611544"
"11028","7782722507"
"11029","6044698670"
"11030","6049376775"
"11031","7785221311"
"11032","6044692991"
"11033","6049373579"
"11034","6049171904"
"11035","6049378200"
"11036","6049377363"
"11037","6044616622"
"11038","6044611332"
"11039","6049363361"
"11040","6049367066"
"11041","7782176464"
"11042","7787311936"
"11043","7787316012"
"11044","7782720244"
"11045","6049398649"
"11046","6049174526"
"11047","6044618887"
"11048","6044612672"
"11049","6049316941"
"11050","6049178817"
"11051","6049362550"
"11052","6049316146"
"11053","6049379771"
"11054","6044691957"
"11055","7782725314"
"11056","7782171706"
"11057","6044616302"
"11058","6049374082"
"11059","6044693671"
"11060","7783555916"
"11061","6044619580"
"11062","6049493686"
"11063","7782172574"
"11064","6049318937"
"11065","7782721331"
"11066","6044927117"
"11067","7782177671"
"11068","7782179551"
"11069","7782728288"
"11070","6044694809"
"11071","6044690190"
"11072","6049319937"
"11073","7785220278"
"11074","6044921386"
"11075","6049318367"
"11076","6044923809"
"11077","7782178999"
"11078","6049369705"
"11079","6049492679"
"11080","7783556405"
"11081","6044921387"
"11082","6049397621"
"11083","6044927500"
"11084","6044612117"
"11085","6049178219"
"11086","6049373442"
"11087","7785222781"
"11088","6049334376"
"11089","7782170049"
"11090","6049395865"
"11091","6049377486"
"11092","6044615091"
"11093","7782176673"
"11094","6049394192"
"11095","6049170383"
"11096","6049395979"
"11097","6049317120"
"11098","6049173037"
"11099","6049319015"
"11100","7787317941"
"11101","6044614945"
"11102","6049395844"
"11103","6049314341"
"11104","6049336238"
"11105","7787319025"
"11106","7782724611"
"11107","6049318134"
"11108","7785228064"
"11109","6049171565"
"11110","6044693217"
"11111","7785226447"
"11112","6049347118"
"11113","7782174469"
"11114","6049496799"
"11115","7785223728"
"11116","6049333722"
"11117","7782720480"
"11118","7783551720"
"11119","6049317033"
"11120","6044694003"
"11121","6049317494"
"11122","7783555792"
"11123","7785221972"
"11124","7782726634"
"11125","6049375447"
"11126","7787319949"
"11127","6049348276"
"11128","7783551508"
"11129","6049318878"
"11130","6049312136"
"11131","6044610150"
"11132","7782722284"
"11133","7785227485"
"11134","6049171083"
"11135","6049372681"
"11136","7787317885"
"11137","7782726643"
"11138","6049315859"
"11139","6044694293"
"11140","7787313329"
"11141","6049365328"
"11142","7787317102"
"11143","6049399773"
"11144","7787318634"
"11145","6049371182"
"11146","6044926614"
"11147","6049318944"
"11148","6049370989"
"11149","7782722413"
"11150","6044924951"
"11151","6044928716"
"11152","6049176696"
"11153","6044922992"
"11154","6049375098"
"11155","6049368258"
"11156","6049498683"
"11157","6049310790"
"11158","6049497997"
"11159","6044690630"
"11160","6049334125"
"11161","7782178872"
"11162","7782720175"
"11163","6044613096"
"11164","6049364410"
"11165","6049170648"
"11166","6049361973"
"11167","6049363506"
"11168","6049173692"
"11169","7783556019"
"11170","6049344671"
"11171","7787310085"
"11172","6049494205"
"11173","7782723848"
"11174","7787314847"
"11175","6049362045"
"11176","7787315882"
"11177","6049497391"
"11178","6049360336"
"11179","7785221559"
"11180","7783555568"
"11181","6049392331"
"11182","6049370089"
"11183","6049399850"
"11184","7785227718"
"11185","6049172901"
"11186","6049330560"
"11187","7785226622"
"11188","7782728893"
"11189","6044699812"
"11190","7787319026"
"11191","6044925066"
"11192","6049374385"
"11193","7783555357"
"11194","7787315779"
"11195","7785220347"
"11196","6049333075"
"11197","7787310347"
"11198","7782173263"
"11199","6049392533"
"11200","7787318536"
"11201","6049349003"
"11202","6049335959"
"11203","6049397020"
"11204","6044695864"
"11205","6049342808"
"11206","7783550035"
"11207","6049495841"
"11208","6044616944"
"11209","7783550022"
"11210","7782173307"
"11211","6049173055"
"11212","6049170448"
"11213","6049498060"
"11214","6049173853"
"11215","6049390326"
"11216","6049390343"
"11217","6044695952"
"11218","7783555651"
"11219","6049398586"
"11220","6044616282"
"11221","6049347468"
"11222","7782170114"
"11223","6049171697"
"11224","6049498537"
"11225","6049338198"
"11226","6049339714"
"11227","7785224096"
"11228","7782729159"
"11229","7787311859"
"11230","7783551921"
"11231","6044695348"
"11232","6049396962"
"11233","6044923592"
"11234","6044699646"
"11235","7782725319"
"11236","6044699339"
"11237","6049371558"
"11238","7787310973"
"11239","7782175018"
"11240","7783557297"
"11241","6049373973"
"11242","6044614164"
"11243","7783558720"
"11244","6049362766"
"11245","7782725032"
"11246","6049172816"
"11247","6049345498"
"11248","7787318245"
"11249","6049376360"
"11250","6044617648"
"11251","6044611322"
"11252","6049347052"
"11253","7785223828"
"11254","6044692809"
"11255","7787315579"
"11256","7782720914"
"11257","6044615227"
"11258","6049339056"
"11259","6049338438"
"11260","6049498489"
"11261","6044699139"
"11262","7782176574"
"11263","6049493352"
"11264","7785225141"
"11265","7785222123"
"11266","6049498154"
"11267","6049490963"
"11268","6044697747"
"11269","6049369516"
"11270","6049494654"
"11271","6049363533"
"11272","6044613310"
"11273","6049178920"
"11274","7783553790"
"11275","6049377718"
"11276","7787317290"
"11277","6044614817"
"11278","6044694050"
"11279","6044693833"
"11280","6049397300"
"11281","7787318545"
"11282","7782729589"
"11283","6044610946"
"11284","6049497793"
"11285","7783557657"
"11286","6049376322"
"11287","6049374283"
"11288","6049316012"
"11289","7782173650"
"11290","7783557315"
"11291","6044696323"
"11292","6049334568"
"11293","6049340791"
"11294","6044924217"
"11295","6044618560"
"11296","6049337155"
"11297","6049493283"
"11298","7783553722"
"11299","6049334148"
"11300","7787311718"
"11301","6049349241"
"11302","6044698742"
"11303","7782170171"
"11304","6044691495"
"11305","7782175464"
"11306","6049313714"
"11307","7782720854"
"11308","6049390135"
"11309","6044617050"
"11310","6049499114"
"11311","7787315086"
"11312","7782723336"
"11313","6049312372"
"11314","6044616525"
"11315","6049364907"
"11316","6049335199"
"11317","7787318248"
"11318","7787312164"
"11319","6049314860"
"11320","6049378837"
"11321","6049398980"
"11322","7783552655"
"11323","7785227671"
"11324","6049174376"
"11325","6044613235"
"11326","6049316361"
"11327","7782172514"
"11328","6049377216"
"11329","6049373205"
"11330","6049390054"
"11331","7782722362"
"11332","6049371589"
"11333","6044616141"
"11334","6044618145"
"11335","6049492510"
"11336","6044924734"
"11337","6044696776"
"11338","7787319727"
"11339","6049342097"
"11340","7782726660"
"11341","7787317458"
"11342","6044618517"
"11343","7785225405"
"11344","6049341320"
"11345","6049341609"
"11346","6049330295"
"11347","6049372783"
"11348","6049177451"
"11349","6049399606"
"11350","6049317108"
"11351","7782175801"
"11352","6049337880"
"11353","6049390293"
"11354","6049347202"
"11355","6044618029"
"11356","6044923870"
"11357","6049364292"
"11358","6049393771"
"11359","6044929070"
"11360","6044613261"
"11361","6044696130"
"11362","6049334006"
"11363","7787314783"
"11364","6044691914"
"11365","7782175238"
"11366","6049492476"
"11367","7785223369"
"11368","6049374712"
"11369","6044619545"
"11370","6049390275"
"11371","6049315222"
"11372","6049312784"
"11373","7787312057"
"11374","6049379352"
"11375","7782720007"
"11376","6049318306"
"11377","6049366689"
"11378","7783553262"
"11379","6049315073"
"11380","7782178207"
"11381","6049171114"
"11382","6049396520"
"11383","7785223929"
"11384","7785228310"
"11385","7782721891"
"11386","7787318158"
"11387","6049342393"
"11388","6044692520"
"11389","7783557787"
"11390","6049397171"
"11391","6049336895"
"11392","6044921512"
"11393","6044692788"
"11394","6044615987"
"11395","6049173831"
"11396","6049499393"
"11397","6049310784"
"11398","6049371927"
"11399","6044619908"
"11400","6049493027"
"11401","7783559345"
"11402","6044614205"
"11403","6049370949"
"11404","6044612977"
"11405","6044697656"
"11406","6049364250"
"11407","6044923321"
"11408","7787317583"
"11409","6049339092"
"11410","7785227070"
"11411","6044690343"
"11412","6049495100"
"11413","6044615986"
"11414","6049313996"
"11415","6049174884"
"11416","7782729724"
"11417","6049331800"
"11418","7785227992"
"11419","7787314879"
"11420","7785228303"
"11421","6044619469"
"11422","6049490343"
"11423","7783550073"
"11424","6044924911"
"11425","6044615693"
"11426","6049390327"
"11427","6049312377"
"11428","6049174808"
"11429","7782174231"
"11430","7787318223"
"11431","7785223759"
"11432","6049499967"
"11433","7783556835"
"11434","6049375219"
"11435","6049491545"
"11436","6049332681"
"11437","6049341606"
"11438","6044922722"
"11439","6049177169"
"11440","6049498130"
"11441","7782721460"
"11442","6049341333"
"11443","6049341369"
"11444","6044617110"
"11445","6049390157"
"11446","6049342149"
"11447","6049496074"
"11448","6049391907"
"11449","6049491970"
"11450","7783553049"
"11451","7787318215"
"11452","6044699780"
"11453","7787310786"
"11454","6049332446"
"11455","7782726140"
"11456","6049394095"
"11457","6049179466"
"11458","7783559616"
"11459","6049336209"
"11460","7785228268"
"11461","7782722987"
"11462","6049366303"
"11463","7787313284"
"11464","6049372303"
"11465","6049175875"
"11466","7783557018"
"11467","6049490795"
"11468","6044925016"
"11469","6049318854"
"11470","6049344590"
"11471","6044692228"
"11472","7785229925"
"11473","7783553780"
"11474","6049369028"
"11475","6044921993"
"11476","6049170738"
"11477","7782725584"
"11478","7785221222"
"11479","6049495781"
"11480","7785222052"
"11481","6044927120"
"11482","6049379805"
"11483","6044927456"
"11484","6049331198"
"11485","7782729733"
"11486","6049492618"
"11487","6044616344"
"11488","7782177170"
"11489","6049174674"
"11490","6049179578"
"11491","6044928616"
"11492","6044696838"
"11493","6049490747"
"11494","7783553496"
"11495","6049493748"
"11496","6044614802"
"11497","7783555401"
"11498","6049172344"
"11499","6044691675"
"11500","6049366759"
"11501","6049313994"
"11502","6049332463"
"11503","6049362097"
"11504","6049397317"
"11505","7783557369"
"11506","7787311552"
"11507","7782172493"
"11508","6044698898"
"11509","6049365929"
"11510","7782729640"
"11511","6044615038"
"11512","6049373420"
"11513","6049175066"
"11514","7782723651"
"11515","6049377600"
"11516","7787313305"
"11517","7785220457"
"11518","6044614120"
"11519","6044699087"
"11520","6044925814"
"11521","7783554662"
"11522","7782171700"
"11523","7787316162"
"11524","7787317584"
"11525","6049317160"
"11526","6049375850"
"11527","6049493278"
"11528","7782726875"
"11529","6044619346"
"11530","6049313383"
"11531","7785224587"
"11532","7783552096"
"11533","6049331678"
"11534","6044693448"
"11535","6044924046"
"11536","6049335410"
"11537","7787311653"
"11538","6049395085"
"11539","7787313342"
"11540","6049491145"
"11541","7783555277"
"11542","6049376181"
"11543","7785225956"
"11544","6049176698"
"11545","6049334312"
"11546","7787316235"
"11547","7785229866"
"11548","6049315864"
"11549","7785220578"
"11550","7782170935"
"11551","6044922397"
"11552","7782178301"
"11553","7782173033"
"11554","6049340622"
"11555","6049177980"
"11556","6049394588"
"11557","6049316724"
"11558","6049366108"
"11559","6049393562"
"11560","7782726603"
"11561","6049395280"
"11562","7782728055"
"11563","6044614483"
"11564","7783557852"
"11565","7782177667"
"11566","6049318830"
"11567","6044923444"
"11568","6049361660"
"11569","7787316561"
"11570","6044921286"
"11571","6049315686"
"11572","7782722177"
"11573","6044694978"
"11574","6044614014"
"11575","6049378224"
"11576","6049311179"
"11577","6049360714"
"11578","6049393813"
"11579","6049333181"
"11580","7787319492"
"11581","7785223684"
"11582","6049399782"
"11583","6049331466"
"11584","6044616313"
"11585","6044921564"
"11586","6049175756"
"11587","7782177555"
"11588","6049393917"
"11589","6044926215"
"11590","6049372035"
"11591","7782727925"
"11592","7782729311"
"11593","6049490975"
"11594","6044695236"
"11595","7782170938"
"11596","7783558865"
"11597","7783555962"
"11598","6049175196"
"11599","6049373031"
"11600","6049176032"
"11601","6044615274"
"11602","6049343638"
"11603","7783555817"
"11604","6049175701"
"11605","6049369401"
"11606","6044694927"
"11607","7785223549"
"11608","6049497537"
"11609","6049376709"
"11610","6049375409"
"11611","7785227849"
"11612","7782725828"
"11613","7782174394"
"11614","7782729067"
"11615","7782176646"
"11616","6049172441"
"11617","6049398072"
"11618","7783552646"
"11619","6049336405"
"11620","6049348178"
"11621","6049399133"
"11622","7783552193"
"11623","6044619514"
"11624","6049314859"
"11625","6049369716"
"11626","6049379247"
"11627","6044925458"
"11628","6049345333"
"11629","6049490154"
"11630","6049335576"
"11631","6049397102"
"11632","6049319918"
"11633","6049340284"
"11634","6049175000"
"11635","6049333298"
"11636","6049367305"
"11637","6049336715"
"11638","6044612697"
"11639","7783550853"
"11640","7782173565"
"11641","6049390178"
"11642","6044610777"
"11643","6049311668"
"11644","6044619575"
"11645","7783552949"
"11646","6044920565"
"11647","6049315585"
"11648","6044610441"
"11649","6044922918"
"11650","7783559835"
"11651","6044694890"
"11652","6049362514"
"11653","7782175970"
"11654","6049370334"
"11655","6049346096"
"11656","6049396823"
"11657","6049333339"
"11658","7787312973"
"11659","7783552273"
"11660","7785225533"
"11661","7782720857"
"11662","7783553670"
"11663","7785229181"
"11664","6049490000"
"11665","6049493805"
"11666","6049340089"
"11667","6049392505"
"11668","6044920935"
"11669","6049360507"
"11670","7783558977"
"11671","6049365937"
"11672","7782729508"
"11673","7787316095"
"11674","7787317582"
"11675","6049175786"
"11676","6044693420"
"11677","6049341165"
"11678","7782722600"
"11679","7783556348"
"11680","6044921269"
"11681","6049375887"
"11682","6049371926"
"11683","6049498604"
"11684","7785223601"
"11685","6044611121"
"11686","7782170016"
"11687","6049178033"
"11688","6049174356"
"11689","7785225173"
"11690","6044696688"
"11691","7783557595"
"11692","7787319302"
"11693","6049318239"
"11694","7785225509"
"11695","6049346723"
"11696","6049495507"
"11697","6049176233"
"11698","6049391267"
"11699","7782720641"
"11700","6044618892"
"11701","6049336140"
"11702","6049370387"
"11703","6049377509"
"11704","6044610288"
"11705","7785226827"
"11706","6044921394"
"11707","6044615474"
"11708","6049176924"
"11709","6049391092"
"11710","7782726147"
"11711","6049371345"
"11712","6049397119"
"11713","7783551040"
"11714","6049314925"
"11715","6044618327"
"11716","6049173784"
"11717","6044692033"
"11718","6049310451"
"11719","6049377827"
"11720","7782725564"
"11721","6044920086"
"11722","6049393526"
"11723","7787317396"
"11724","6044614447"
"11725","7787314511"
"11726","6049376374"
"11727","6044929635"
"11728","6044697598"
"11729","6044921177"
"11730","6044610388"
"11731","7787311215"
"11732","7787315862"
"11733","6049362106"
"11734","6049333769"
"11735","7787311205"
"11736","6049343811"
"11737","7782176937"
"11738","6044618673"
"11739","6049371300"
"11740","7785226336"
"11741","7783559077"
"11742","6044926491"
"11743","6049314445"
"11744","7783558480"
"11745","6049499425"
"11746","6049360189"
"11747","6044695745"
"11748","7783558470"
"11749","6049390527"
"11750","6044615834"
"11751","6049393666"
"11752","6049495365"
"11753","6049342673"
"11754","6049365809"
"11755","6049491294"
"11756","7782175532"
"11757","7782723282"
"11758","6049348539"
"11759","6049494431"
"11760","6049399442"
"11761","6044617767"
"11762","6044697536"
"11763","7782729347"
"11764","7785223729"
"11765","7783557605"
"11766","7782720386"
"11767","6049340911"
"11768","7787316567"
"11769","6049491732"
"11770","6049392330"
"11771","6044613921"
"11772","6049174918"
"11773","6049362311"
"11774","6044690244"
"11775","6049396182"
"11776","7787312919"
"11777","7783556908"
"11778","6049374968"
"11779","6049498950"
"11780","6049179698"
"11781","7787310720"
"11782","6049398309"
"11783","6049343238"
"11784","7787312430"
"11785","7787317069"
"11786","6049490521"
"11787","7782176981"
"11788","6049376156"
"11789","7785220405"
"11790","7787319429"
"11791","6049373601"
"11792","6044618588"
"11793","6049344007"
"11794","6049493279"
"11795","7782724788"
"11796","6049318340"
"11797","6049362290"
"11798","6049365215"
"11799","6049343150"
"11800","6049362445"
"11801","6049338645"
"11802","7783556018"
"11803","7782721325"
"11804","6049347089"
"11805","6044690727"
"11806","6049345327"
"11807","6049399197"
"11808","6049497284"
"11809","6049497309"
"11810","7782175228"
"11811","6044922805"
"11812","7787311579"
"11813","6049376262"
"11814","6049498405"
"11815","7783551725"
"11816","6049495907"
"11817","7787315298"
"11818","6044695217"
"11819","7783557712"
"11820","6044691409"
"11821","7783557898"
"11822","6049372957"
"11823","6044924872"
"11824","6049170069"
"11825","6049319963"
"11826","6049498137"
"11827","6044926561"
"11828","6044696552"
"11829","7783553443"
"11830","6049360155"
"11831","6049345322"
"11832","7782179862"
"11833","7782729307"
"11834","7785222381"
"11835","6044692371"
"11836","6044698464"
"11837","6044926040"
"11838","6049498428"
"11839","7785229190"
"11840","6049338559"
"11841","6049366282"
"11842","7787310594"
"11843","6044612362"
"11844","6049315067"
"11845","6049176631"
"11846","6044925661"
"11847","6049345522"
"11848","6044923969"
"11849","6044921740"
"11850","6049332485"
"11851","6049398451"
"11852","6049179076"
"11853","6049374645"
"11854","6044692750"
"11855","6049495735"
"11856","6049399680"
"11857","6049347692"
"11858","7782720171"
"11859","6049378252"
"11860","6049492021"
"11861","7782728294"
"11862","6049491256"
"11863","6049339330"
"11864","6049399036"
"11865","6049316808"
"11866","7785226806"
"11867","6049393352"
"11868","7787316325"
"11869","6049394080"
"11870","7787318643"
"11871","6049315654"
"11872","6044699378"
"11873","6044921282"
"11874","7782174489"
"11875","7787318604"
"11876","6049375097"
"11877","6049349349"
"11878","6049375145"
"11879","7782172332"
"11880","6049314177"
"11881","6049372015"
"11882","6049339208"
"11883","7783556322"
"11884","6049372838"
"11885","6049397613"
"11886","7787312672"
"11887","7787313170"
"11888","7783554066"
"11889","6049498538"
"11890","7782173423"
"11891","6049312269"
"11892","7783554871"
"11893","6044697533"
"11894","6049371562"
"11895","6049376737"
"11896","6049317682"
"11897","6049346133"
"11898","6049345930"
"11899","6044610727"
"11900","6049172315"
"11901","7787315772"
"11902","6049179726"
"11903","6044610237"
"11904","7782170264"
"11905","6049369082"
"11906","7787312436"
"11907","6044923328"
"11908","7787319407"
"11909","6049316304"
"11910","6049310697"
"11911","6044692583"
"11912","6049345184"
"11913","6049491321"
"11914","6049495448"
"11915","7782179330"
"11916","6044616162"
"11917","7782728516"
"11918","6044615355"
"11919","6044924637"
"11920","6044698814"
"11921","7783550111"
"11922","6044920674"
"11923","6049371635"
"11924","7787310110"
"11925","7783556685"
"11926","6044613207"
"11927","7787312244"
"11928","6049491326"
"11929","7782721634"
"11930","6049330429"
"11931","6049312426"
"11932","7782720321"
"11933","7782174466"
"11934","7782729730"
"11935","7787315978"
"11936","6049365996"
"11937","6049339314"
"11938","6049334505"
"11939","7787318900"
"11940","7782178349"
"11941","7787314642"
"11942","6049316641"
"11943","7782178135"
"11944","6044610983"
"11945","7782170045"
"11946","6049317673"
"11947","6044690636"
"11948","6049492530"
"11949","6049373966"
"11950","6044920437"
"11951","7782172761"
"11952","7782724544"
"11953","7783559389"
"11954","7785223088"
"11955","6049378070"
"11956","6049496391"
"11957","6049499845"
"11958","6049377776"
"11959","6049494723"
"11960","7782721072"
"11961","6049367379"
"11962","6044614592"
"11963","6049371688"
"11964","6049178019"
"11965","6049340942"
"11966","7785221253"
"11967","7787310143"
"11968","7782722463"
"11969","6049372402"
"11970","6044696623"
"11971","7783552238"
"11972","7782724509"
"11973","6049499162"
"11974","6044612565"
"11975","6049331298"
"11976","6049177818"
"11977","7787318503"
"11978","7782170960"
"11979","6049345633"
"11980","7787314868"
"11981","6049170941"
"11982","7787318651"
"11983","7782174257"
"11984","7785223291"
"11985","6044612698"
"11986","7782726083"
"11987","6049379909"
"11988","6049334058"
"11989","7783557089"
"11990","6049338028"
"11991","7787312201"
"11992","6049349559"
"11993","6049334497"
"11994","6044926943"
"11995","6049310111"
"11996","6049314625"
"11997","6049393676"
"11998","6044695870"
"11999","6044929169"
"12000","6044616053"
"12001","6044697166"
"12002","6049399047"
"12003","7787312949"
"12004","6044615907"
"12005","6049346089"
"12006","6049397845"
"12007","7782170950"
"12008","6049498526"
"12009","6049318892"
"12010","6049333771"
"12011","6049497852"
"12012","6049398344"
"12013","7782176768"
"12014","7782720655"
"12015","6049344968"
"12016","6049313702"
"12017","7782179348"
"12018","7787319768"
"12019","6044926796"
"12020","6049170337"
"12021","7782174030"
"12022","6044698441"
"12023","6049396527"
"12024","6049319685"
"12025","6049179010"
"12026","7782179032"
"12027","6044922143"
"12028","7783558665"
"12029","7782171034"
"12030","6049173256"
"12031","6049317626"
"12032","7787317520"
"12033","6049170745"
"12034","6044699014"
"12035","6049172255"
"12036","6049360482"
"12037","7785222202"
"12038","6049492420"
"12039","6049313704"
"12040","6049333132"
"12041","6049177232"
"12042","6049369378"
"12043","7783550252"
"12044","7783556759"
"12045","7782727822"
"12046","6049371470"
"12047","6049330682"
"12048","6049360473"
"12049","7782177939"
"12050","7783552693"
"12051","6044617997"
"12052","6049342722"
"12053","6049392751"
"12054","7787317897"
"12055","7785225115"
"12056","7787315951"
"12057","7782728223"
"12058","6049348906"
"12059","7782172037"
"12060","6049340102"
"12061","6049346511"
"12062","6049331363"
"12063","6049177458"
"12064","6049349986"
"12065","6049367227"
"12066","6049365417"
"12067","7783555317"
"12068","6049318304"
"12069","6044610543"
"12070","7782173199"
"12071","6049171255"
"12072","7783559634"
"12073","6044925887"
"12074","6044695695"
"12075","6049378709"
"12076","7787315448"
"12077","6049170543"
"12078","6044619661"
"12079","6049171596"
"12080","6049364183"
"12081","6049177741"
"12082","6044611903"
"12083","6044695891"
"12084","6049349638"
"12085","6049363185"
"12086","6049173819"
"12087","6049393022"
"12088","6049170013"
"12089","7787312184"
"12090","7785224720"
"12091","6049310302"
"12092","6049317234"
"12093","6049392409"
"12094","6049341907"
"12095","6049395037"
"12096","6049363829"
"12097","6044614143"
"12098","6049174983"
"12099","7783555507"
"12100","7783559436"
"12101","6049497184"
"12102","6049343926"
"12103","6049311946"
"12104","6049393963"
"12105","6049391434"
"12106","7782721112"
"12107","6049369331"
"12108","6049491548"
"12109","6049392168"
"12110","6049373261"
"12111","6049342793"
"12112","6049179427"
"12113","7785226094"
"12114","6049342655"
"12115","6044619861"
"12116","6049392034"
"12117","6049375190"
"12118","6049490554"
"12119","6049362751"
"12120","6049314641"
"12121","6044611675"
"12122","6049341027"
"12123","7787316785"
"12124","7782179826"
"12125","7785226559"
"12126","7782170754"
"12127","6049172770"
"12128","6044613660"
"12129","6044928598"
"12130","6049496694"
"12131","7782175459"
"12132","6049364899"
"12133","6049343652"
"12134","7782728535"
"12135","6044927495"
"12136","6049345814"
"12137","6049345016"
"12138","6044616817"
"12139","6049343187"
"12140","7782729638"
"12141","7785227782"
"12142","7785227046"
"12143","7783556964"
"12144","6049345121"
"12145","6049337268"
"12146","6049338317"
"12147","6044929941"
"12148","6044617914"
"12149","6044924801"
"12150","6049367917"
"12151","6049345317"
"12152","7785227159"
"12153","6044699982"
"12154","6044925009"
"12155","6049370629"
"12156","6044692178"
"12157","6049365668"
"12158","6049339138"
"12159","6044611915"
"12160","6044611339"
"12161","7785221903"
"12162","6044926346"
"12163","6049174999"
"12164","6049311043"
"12165","6049374393"
"12166","6049175716"
"12167","7787319854"
"12168","7782179747"
"12169","6049333422"
"12170","6049335097"
"12171","7782724328"
"12172","7787317230"
"12173","6049336636"
"12174","6049343021"
"12175","6049373117"
"12176","6049347404"
"12177","6049348111"
"12178","7787313604"
"12179","6049330451"
"12180","6049342424"
"12181","6044619235"
"12182","6044927264"
"12183","6049311749"
"12184","6044614324"
"12185","7782170834"
"12186","6049491177"
"12187","6049369926"
"12188","7785220094"
"12189","7782722145"
"12190","7785229556"
"12191","6049318857"
"12192","6049347751"
"12193","6049491561"
"12194","7782171406"
"12195","6049173715"
"12196","7783557507"
"12197","7783550095"
"12198","6049172799"
"12199","6049497074"
"12200","6044610827"
"12201","7782722209"
"12202","6044693593"
"12203","6049362164"
"12204","7787316526"
"12205","6049172491"
"12206","6049393528"
"12207","6049495437"
"12208","6049330327"
"12209","6049313478"
"12210","6049378973"
"12211","7782172030"
"12212","6049369361"
"12213","6049496427"
"12214","7785222531"
"12215","7787317880"
"12216","6049315589"
"12217","6049313149"
"12218","6049392639"
"12219","6049315395"
"12220","6049368539"
"12221","6044921428"
"12222","7785223755"
"12223","6049339423"
"12224","7785223113"
"12225","6049332157"
"12226","7782174982"
"12227","6044613374"
"12228","7782728282"
"12229","7782171480"
"12230","7787319008"
"12231","7787312391"
"12232","6049335709"
"12233","6049395615"
"12234","7782727248"
"12235","7782174074"
"12236","6049362444"
"12237","6049172662"
"12238","6049316906"
"12239","6049360441"
"12240","7783554785"
"12241","6044692186"
"12242","7782723187"
"12243","7782725160"
"12244","7782175005"
"12245","6044921373"
"12246","6044698737"
"12247","6049175311"
"12248","7782176336"
"12249","6044927636"
"12250","6049170393"
"12251","6049363089"
"12252","6044922253"
"12253","7783555610"
"12254","6049173854"
"12255","7783555765"
"12256","7787317558"
"12257","6049339180"
"12258","6044611596"
"12259","7782174605"
"12260","6044617909"
"12261","6049367570"
"12262","6049332965"
"12263","7782172343"
"12264","7783551290"
"12265","7782722711"
"12266","6049366465"
"12267","6044927902"
"12268","6049330116"
"12269","6049494142"
"12270","6049397863"
"12271","7783555366"
"12272","6049317720"
"12273","6049376758"
"12274","6049494768"
"12275","6049375657"
"12276","6044612337"
"12277","6049341813"
"12278","6044616253"
"12279","6044923978"
"12280","7787318884"
"12281","6049390565"
"12282","6049494547"
"12283","6044920949"
"12284","7787310471"
"12285","7783558442"
"12286","7782724188"
"12287","6049332216"
"12288","6044692089"
"12289","6049372875"
"12290","7783551252"
"12291","6049331694"
"12292","6044694770"
"12293","7782179196"
"12294","6049171559"
"12295","7782724948"
"12296","6049317425"
"12297","7783559154"
"12298","6044926722"
"12299","7782174315"
"12300","7785222538"
"12301","6049176901"
"12302","6049367716"
"12303","6049365814"
"12304","6049378146"
"12305","6044611358"
"12306","7783558351"
"12307","6049397226"
"12308","6049372889"
"12309","7787311317"
"12310","7783558386"
"12311","6049371082"
"12312","6049395630"
"12313","6049332548"
"12314","6049175183"
"12315","6049396015"
"12316","7785227290"
"12317","6044691127"
"12318","6049339063"
"12319","6049341963"
"12320","6044611728"
"12321","6044921573"
"12322","6049363315"
"12323","7785220568"
"12324","6044696449"
"12325","7785222610"
"12326","7783552278"
"12327","6049399156"
"12328","6049333904"
"12329","6049372105"
"12330","7783557146"
"12331","7787312968"
"12332","6049338157"
"12333","6049310464"
"12334","7787310572"
"12335","6049335573"
"12336","6049370162"
"12337","7785228504"
"12338","7782725406"
"12339","7782727606"
"12340","6044693821"
"12341","6049370376"
"12342","6044694756"
"12343","6044692456"
"12344","7782179555"
"12345","6049395902"
"12346","7783551751"
"12347","6044694811"
"12348","6049332326"
"12349","6049330822"
"12350","6049346142"
"12351","6049346207"
"12352","6049398490"
"12353","7785225323"
"12354","6049377309"
"12355","7782727588"
"12356","7785228915"
"12357","6049170871"
"12358","6044691320"
"12359","6049378340"
"12360","6044697545"
"12361","7783551352"
"12362","6049178885"
"12363","7783558177"
"12364","6049398191"
"12365","6049372918"
"12366","6049318675"
"12367","6049390754"
"12368","6049369690"
"12369","6049347356"
"12370","7785225391"
"12371","7782172451"
"12372","6044611589"
"12373","6049339823"
"12374","6044921052"
"12375","6049396172"
"12376","6049390546"
"12377","6044610361"
"12378","6044697592"
"12379","6049366879"
"12380","6049375006"
"12381","6044926121"
"12382","6049492752"
"12383","6049317370"
"12384","7782179553"
"12385","7782727691"
"12386","6049361954"
"12387","6044617923"
"12388","6049497645"
"12389","7783552011"
"12390","7787315266"
"12391","6044617368"
"12392","7782170886"
"12393","7783557528"
"12394","6049370835"
"12395","6049362582"
"12396","6044619430"
"12397","6049337770"
"12398","7787318666"
"12399","7787317474"
"12400","6044690028"
"12401","6049331608"
"12402","6044921330"
"12403","6049348256"
"12404","6044617699"
"12405","6049337368"
"12406","6049172119"
"12407","6044695627"
"12408","6044695968"
"12409","6049333758"
"12410","6044610687"
"12411","6049315165"
"12412","6049394149"
"12413","6049172506"
"12414","6044692097"
"12415","6044690725"
"12416","7787319478"
"12417","6049360993"
"12418","7782728193"
"12419","7787318343"
"12420","6044925335"
"12421","7783551275"
"12422","6049347900"
"12423","6049176933"
"12424","6049371211"
"12425","6044926878"
"12426","6044694280"
"12427","6044924555"
"12428","6044614134"
"12429","6049314750"
"12430","6049330455"
"12431","6044610108"
"12432","6049310977"
"12433","7785221162"
"12434","6049392655"
"12435","6044925980"
"12436","6049332126"
"12437","6049341633"
"12438","7787313648"
"12439","6049349223"
"12440","7782723275"
"12441","6049339588"
"12442","6049314551"
"12443","7783553413"
"12444","6049179422"
"12445","6049331784"
"12446","6049369772"
"12447","7787312285"
"12448","6049349804"
"12449","6049364358"
"12450","6049335353"
"12451","6049338290"
"12452","7782728225"
"12453","7785226701"
"12454","7787311305"
"12455","6044696481"
"12456","7782728916"
"12457","7787314946"
"12458","6044691159"
"12459","6049365260"
"12460","6049397624"
"12461","6049492170"
"12462","6044698639"
"12463","7783557197"
"12464","7783557694"
"12465","6049377563"
"12466","6044926329"
"12467","7782723076"
"12468","6044610812"
"12469","6044696772"
"12470","7787319924"
"12471","6049170861"
"12472","6049393367"
"12473","7782720387"
"12474","7785229651"
"12475","7787310086"
"12476","6049310347"
"12477","6049333295"
"12478","6049499661"
"12479","6049362059"
"12480","6049176814"
"12481","7785221622"
"12482","7782729643"
"12483","6044691197"
"12484","7785225770"
"12485","7785229689"
"12486","6049363641"
"12487","6049310547"
"12488","7783559963"
"12489","6044610611"
"12490","6049170283"
"12491","7782725304"
"12492","6049338841"
"12493","6049364237"
"12494","6049496349"
"12495","6049370626"
"12496","7787316036"
"12497","6049372874"
"12498","7783551020"
"12499","6049340064"
"12500","6049394215"
"12501","6049342552"
"12502","6049347340"
"12503","6044698280"
"12504","6049336719"
"12505","7783558559"
"12506","6049376126"
"12507","6049174416"
"12508","6044616777"
"12509","7782726239"
"12510","6049496035"
"12511","6049348334"
"12512","6049349171"
"12513","7782173838"
"12514","6049493045"
"12515","6049175025"
"12516","6044694201"
"12517","6044619675"
"12518","6049498064"
"12519","6049177433"
"12520","6049172596"
"12521","7785227604"
"12522","7782726389"
"12523","7782175892"
"12524","7782173958"
"12525","6049314183"
"12526","6049171493"
"12527","6049369735"
"12528","6049495726"
"12529","6049378375"
"12530","7782722152"
"12531","6049317486"
"12532","6044693673"
"12533","6049363038"
"12534","6044612904"
"12535","6044924516"
"12536","6049366728"
"12537","6044927944"
"12538","6049175278"
"12539","6044926326"
"12540","7783558129"
"12541","6049310825"
"12542","6049491998"
"12543","7782174384"
"12544","6044699117"
"12545","6044610883"
"12546","6044618501"
"12547","6049361300"
"12548","6049332399"
"12549","6049490568"
"12550","6044693085"
"12551","6049360174"
"12552","7782720832"
"12553","6049314692"
"12554","7782178934"
"12555","6049365364"
"12556","6049360321"
"12557","7782174465"
"12558","7783556318"
"12559","6049334582"
"12560","6044695322"
"12561","6049394285"
"12562","6049390836"
"12563","7785224656"
"12564","6049175022"
"12565","7787314132"
"12566","6049332962"
"12567","6049376397"
"12568","6049330117"
"12569","6049176475"
"12570","7782178457"
"12571","7782173009"
"12572","6049331540"
"12573","6049360352"
"12574","6044695654"
"12575","6049176750"
"12576","6044615183"
"12577","6044613594"
"12578","6044920970"
"12579","6049396901"
"12580","7782720058"
"12581","6044921970"
"12582","6044922075"
"12583","7787319641"
"12584","6049364537"
"12585","6044926190"
"12586","6049378313"
"12587","6044614580"
"12588","6049177796"
"12589","6049391724"
"12590","6049492659"
"12591","6049310768"
"12592","7782173622"
"12593","6044699267"
"12594","6044617175"
"12595","6049344637"
"12596","7783556821"
"12597","6044616930"
"12598","6049360308"
"12599","7782176359"
"12600","6049368988"
"12601","6044611625"
"12602","6049337929"
"12603","6044611306"
"12604","6049336855"
"12605","6049172928"
"12606","6049319800"
"12607","7783550889"
"12608","6049171038"
"12609","6049379377"
"12610","6049347951"
"12611","6049398565"
"12612","6049379065"
"12613","7782725917"
"12614","7787319758"
"12615","6049348161"
"12616","6049394968"
"12617","7782172102"
"12618","7782174765"
"12619","6049344847"
"12620","6049366865"
"12621","6049333874"
"12622","7782176962"
"12623","7785225030"
"12624","6049331282"
"12625","6049349092"
"12626","6049366583"
"12627","7787316018"
"12628","6044699241"
"12629","7787314077"
"12630","6044695778"
"12631","6049345481"
"12632","7782175059"
"12633","6049171561"
"12634","6044690982"
"12635","7783556958"
"12636","7783553146"
"12637","7787311919"
"12638","6049337726"
"12639","6049312388"
"12640","7782725064"
"12641","7787313318"
"12642","6049379278"
"12643","6049492134"
"12644","6044611318"
"12645","6044616927"
"12646","7783558662"
"12647","6049318528"
"12648","6049398433"
"12649","6044618814"
"12650","7785224305"
"12651","7782173925"
"12652","6049369550"
"12653","6044613279"
"12654","7783556342"
"12655","6049331903"
"12656","6049337557"
"12657","6049376020"
"12658","7787314475"
"12659","7782725507"
"12660","7787313041"
"12661","6044927350"
"12662","6049360906"
"12663","6049373415"
"12664","6049317424"
"12665","6049361746"
"12666","6049399113"
"12667","6049490895"
"12668","7783555790"
"12669","6049374614"
"12670","7785221218"
"12671","6049369766"
"12672","6049376191"
"12673","6049495879"
"12674","7783552904"
"12675","6049362345"
"12676","7787313354"
"12677","6049493924"
"12678","6044922133"
"12679","6044692860"
"12680","6049491121"
"12681","7782726162"
"12682","6049361497"
"12683","7787319248"
"12684","6049319677"
"12685","6044613102"
"12686","6049178750"
"12687","6049338275"
"12688","6049330819"
"12689","6044614810"
"12690","7782176735"
"12691","6044618509"
"12692","6044690419"
"12693","7783553335"
"12694","7782172115"
"12695","6049316611"
"12696","7782174858"
"12697","6049330914"
"12698","6044696084"
"12699","7782720225"
"12700","7782176543"
"12701","6049316379"
"12702","6049364872"
"12703","6049314088"
"12704","7785228820"
"12705","7783557610"
"12706","6049338567"
"12707","6044614334"
"12708","6049332654"
"12709","6049344142"
"12710","6049310706"
"12711","6049397744"
"12712","6049348965"
"12713","6044610814"
"12714","6044693029"
"12715","7787319134"
"12716","6049397444"
"12717","7787311517"
"12718","6049348694"
"12719","7783550069"
"12720","6049172773"
"12721","6049174766"
"12722","7783555549"
"12723","6049360591"
"12724","6049310364"
"12725","6049375544"
"12726","7787311992"
"12727","6049375750"
"12728","6049492961"
"12729","6049375660"
"12730","6049375822"
"12731","6049398192"
"12732","6049346121"
"12733","7782170783"
"12734","6049369392"
"12735","6044694893"
"12736","6049317193"
"12737","7785221655"
"12738","7782176048"
"12739","6049367998"
"12740","6049366783"
"12741","6044927431"
"12742","6049376143"
"12743","7782172213"
"12744","6049347065"
"12745","7782722404"
"12746","6049311493"
"12747","6044921585"
"12748","6049493308"
"12749","6049345212"
"12750","7782721718"
"12751","6049343276"
"12752","6049391263"
"12753","6049368156"
"12754","6044690087"
"12755","6049367977"
"12756","7782172221"
"12757","6049335796"
"12758","7782177080"
"12759","6049314546"
"12760","6049171723"
"12761","6049373485"
"12762","6044925145"
"12763","7785224256"
"12764","7782176093"
"12765","6049342323"
"12766","7785221807"
"12767","6049491999"
"12768","6049391632"
"12769","7782171112"
"12770","7782176872"
"12771","6049173511"
"12772","6049172729"
"12773","6049173572"
"12774","6049374270"
"12775","7782175263"
"12776","6049395468"
"12777","7782729012"
"12778","7787312480"
"12779","6049342304"
"12780","6044927144"
"12781","6049363356"
"12782","6049362438"
"12783","6049333026"
"12784","6044696461"
"12785","6049366346"
"12786","7785226861"
"12787","6044616911"
"12788","6049341386"
"12789","6049343737"
"12790","7782176236"
"12791","6044923938"
"12792","7782729050"
"12793","6049346093"
"12794","6049375496"
"12795","6049490130"
"12796","7783555640"
"12797","6049394392"
"12798","7785220852"
"12799","6049177149"
"12800","6049175470"
"12801","7782178281"
"12802","6049175703"
"12803","6049378720"
"12804","7783555343"
"12805","7782171687"
"12806","6049493341"
"12807","6044695976"
"12808","6049392592"
"12809","6049379379"
"12810","6049492990"
"12811","7787314998"
"12812","6044924580"
"12813","6049347843"
"12814","6044692814"
"12815","6044618155"
"12816","6049174562"
"12817","6049314038"
"12818","7785225898"
"12819","6049331028"
"12820","6049174947"
"12821","6044612211"
"12822","6049314041"
"12823","7783559363"
"12824","6049177748"
"12825","6049369878"
"12826","6044926467"
"12827","6049373194"
"12828","6049395228"
"12829","6049311926"
"12830","6049378535"
"12831","6049492364"
"12832","6049178640"
"12833","7782175078"
"12834","6049370845"
"12835","6049366607"
"12836","6049493599"
"12837","7787316784"
"12838","6049366678"
"12839","6044926727"
"12840","7783559764"
"12841","7787313162"
"12842","7782170103"
"12843","6049177510"
"12844","6044925050"
"12845","7787314168"
"12846","6044920175"
"12847","6044922905"
"12848","6049377559"
"12849","6044694097"
"12850","6049361951"
"12851","6044610666"
"12852","6044924980"
"12853","6049317647"
"12854","7783556046"
"12855","7782173377"
"12856","7783557392"
"12857","6049333179"
"12858","6049312782"
"12859","6049494883"
"12860","7782720886"
"12861","7783557856"
"12862","6049375375"
"12863","6049491320"
"12864","6044615951"
"12865","6049318736"
"12866","6049496186"
"12867","6049494297"
"12868","6049496697"
"12869","6049490550"
"12870","6049397725"
"12871","6044929842"
"12872","7783557564"
"12873","6049337436"
"12874","6049369505"
"12875","7785229680"
"12876","6049342140"
"12877","6049339179"
"12878","6049494216"
"12879","6044610306"
"12880","7782726670"
"12881","6049345698"
"12882","7782727128"
"12883","6049366232"
"12884","6049172496"
"12885","6049318140"
"12886","6049337076"
"12887","6044927557"
"12888","6049314448"
"12889","6049365693"
"12890","6049170481"
"12891","6044699595"
"12892","6049393607"
"12893","6049314343"
"12894","6049394389"
"12895","6044691999"
"12896","7785225848"
"12897","6044698736"
"12898","7783552023"
"12899","6049315036"
"12900","7782173465"
"12901","6044616260"
"12902","6049340978"
"12903","7782729558"
"12904","6049170487"
"12905","6049176751"
"12906","6049172047"
"12907","7782728361"
"12908","6049497393"
"12909","7782179535"
"12910","7785227596"
"12911","7785228467"
"12912","6049360642"
"12913","7785223271"
"12914","7785224892"
"12915","6044616510"
"12916","6049369511"
"12917","7785225110"
"12918","6049398209"
"12919","6049317022"
"12920","6049330426"
"12921","7783552075"
"12922","6049333470"
"12923","6049171055"
"12924","7782724517"
"12925","6049494507"
"12926","7787314377"
"12927","6044692608"
"12928","6049343241"
"12929","7787317744"
"12930","7783555927"
"12931","6049312228"
"12932","6044925752"
"12933","7782176411"
"12934","6044610007"
"12935","6044692858"
"12936","6049391153"
"12937","7783552670"
"12938","6049343299"
"12939","6049499450"
"12940","6049390030"
"12941","6049314007"
"12942","6044618545"
"12943","6044616355"
"12944","6044692494"
"12945","6049330171"
"12946","6049363181"
"12947","6049391695"
"12948","6044927188"
"12949","7787314296"
"12950","6044929524"
"12951","6044697338"
"12952","6044695757"
"12953","7783557070"
"12954","6044616824"
"12955","7782173329"
"12956","6044619956"
"12957","6049171027"
"12958","6049375229"
"12959","6049348212"
"12960","6044612423"
"12961","6044610677"
"12962","6044613690"
"12963","7783551745"
"12964","6049338703"
"12965","6049497726"
"12966","6044691595"
"12967","7785221992"
"12968","6049171704"
"12969","7783554971"
"12970","6044692837"
"12971","6049391732"
"12972","6049496250"
"12973","6044618441"
"12974","6049375654"
"12975","6049315509"
"12976","6049372842"
"12977","7785224392"
"12978","7785228185"
"12979","6049492334"
"12980","6049396053"
"12981","6044697682"
"12982","6049310468"
"12983","6049368838"
"12984","7785224205"
"12985","6049318217"
"12986","6044926420"
"12987","6049396195"
"12988","7782172122"
"12989","7782725129"
"12990","7787312756"
"12991","6049493016"
"12992","7787317080"
"12993","7785228962"
"12994","7787316043"
"12995","6044614870"
"12996","6049365478"
"12997","6049394744"
"12998","7783553474"
"12999","6049172129"
"13000","6049175801"
"13001","6044927874"
"13002","7785226133"
"13003","7785222330"
"13004","6044926661"
"13005","6049346074"
"13006","6049393994"
"13007","6044920170"
"13008","7782729141"
"13009","7783550706"
"13010","6044696877"
"13011","6049398261"
"13012","7782721546"
"13013","6049490646"
"13014","7785220639"
"13015","6044924548"
"13016","6049396869"
"13017","6049339191"
"13018","7782171455"
"13019","6049391107"
"13020","7782724069"
"13021","6049495330"
"13022","6049346406"
"13023","7785224555"
"13024","7785229472"
"13025","6049334100"
"13026","6044695494"
"13027","6049314469"
"13028","6049393015"
"13029","6049364620"
"13030","6044922108"
"13031","6049170998"
"13032","6049499394"
"13033","6049499781"
"13034","6049367829"
"13035","6044618667"
"13036","7783554935"
"13037","6049361001"
"13038","6049490867"
"13039","6049311250"
"13040","6049498775"
"13041","6049496337"
"13042","6049497819"
"13043","6044697886"
"13044","6044929192"
"13045","6049490992"
"13046","6049174489"
"13047","7782724417"
"13048","6044698470"
"13049","6049376268"
"13050","6049177635"
"13051","7782179389"
"13052","6049310129"
"13053","6044925232"
"13054","6044696448"
"13055","6049339491"
"13056","6044693695"
"13057","6049371582"
"13058","7783557230"
"13059","7785228920"
"13060","6049377181"
"13061","7782723484"
"13062","6049315574"
"13063","7787313180"
"13064","6049310094"
"13065","6049330674"
"13066","6049490904"
"13067","6049337262"
"13068","6049343374"
"13069","6049175588"
"13070","6044618590"
"13071","7782722654"
"13072","6049373762"
"13073","6049377838"
"13074","7782727361"
"13075","6049179298"
"13076","6044692710"
"13077","6049361114"
"13078","6049345665"
"13079","6044699808"
"13080","6049361221"
"13081","6049494232"
"13082","6049396630"
"13083","6049378231"
"13084","7785224813"
"13085","7782173797"
"13086","6049333790"
"13087","6049363710"
"13088","6049363849"
"13089","6044696743"
"13090","6044920843"
"13091","6049316155"
"13092","6049390225"
"13093","6049172823"
"13094","7782179236"
"13095","6044611213"
"13096","6044925095"
"13097","7782729106"
"13098","6049346329"
"13099","6049344180"
"13100","7782175838"
